task_id,task_uri,goal_id,task_family,component_id,component_name,part_number,target_id,target_name,archetype_id,instruction,success_condition,assembly_inserted_threaded_points,assembly_seated_points,assembly_place_points,assembly_max_points,disassembly_removed_points,disassembly_tray_points,disassembly_max_points,target_frame_id,target_x_mm,target_y_mm,target_z_mm,force_limit_n,torque_limit_nm
task_01,https://example.org/nist-atb1/resource/task_01,goal_peg,peg,round_peg_4,Round peg 4 mm,RGOCG4-50,round_hole_4,Round hole for 4 mm peg,archetype_peg,Insert and seat peg,Peg is engaged in matching hole and fully seated,3,2,1,6,2,1,3,,,,,,
task_02,https://example.org/nist-atb1/resource/task_02,goal_peg,peg,round_peg_8,Round peg 8 mm,RGOCG8-50,round_hole_8,Round hole for 8 mm peg,archetype_peg,Insert and seat peg,Peg is engaged in matching hole and fully seated,3,2,1,6,2,1,3,,,,,,
task_03,https://example.org/nist-atb1/resource/task_03,goal_peg,peg,round_peg_12,Round peg 12 mm,RGOCG12-50,round_hole_12,Round hole for 12 mm peg,archetype_peg,Insert and seat peg,Peg is engaged in matching hole and fully seated,3,2,1,6,2,1,3,,,,,,
task_04,https://example.org/nist-atb1/resource/task_04,goal_peg,peg,round_peg_16,Round peg 16 mm,RGOCG16-50,round_hole_16,Round hole for 16 mm peg,archetype_peg,Insert and seat peg,Peg is engaged in matching hole and fully seated,3,2,1,6,2,1,3,,,,,,
task_05,https://example.org/nist-atb1/resource/task_05,goal_peg,peg,rect_peg_4,Rectangular peg 4 x 4 mm,KET4,rect_hole_4,Rectangular hole for 4 x 4 mm peg,archetype_peg,"Align rectangular profile, insert and seat peg",Peg is engaged in matching rectangular hole and fully seated,3,2,1,6,2,1,3,,,,,,
task_06,https://example.org/nist-atb1/resource/task_06,goal_peg,peg,rect_peg_8,Rectangular peg 8 x 7 mm,KET8,rect_hole_8,Rectangular hole for 8 x 7 mm peg,archetype_peg,"Align rectangular profile, insert and seat peg",Peg is engaged in matching rectangular hole and fully seated,3,2,1,6,2,1,3,,,,,,
task_07,https://example.org/nist-atb1/resource/task_07,goal_peg,peg,rect_peg_12,Rectangular peg 12 x 8 mm,KET12,rect_hole_12,Rectangular hole for 12 x 8 mm peg,archetype_peg,"Align rectangular profile, insert and seat peg",Peg is engaged in matching rectangular hole and fully seated,3,2,1,6,2,1,3,,,,,,
task_08,https://example.org/nist-atb1/resource/task_08,goal_peg,peg,rect_peg_16,Rectangular peg 16 x 10 mm,KET16,rect_hole_16,Rectangular hole for 16 x 10 mm peg,archetype_peg,"Align rectangular profile, insert and seat peg",Peg is engaged in matching rectangular hole and fully seated,3,2,1,6,2,1,3,,,,,,
task_09,https://example.org/nist-atb1/resource/task_09,goal_gear,gear,gear_small,Small gear,GEABP1.0-20-10-B-10,shaft_small,Shaft for small gear,archetype_gear,"Align bore with shaft, seat gear and verify final gear engagement",Gear is seated on shaft; verify meshing of the completed gear train,3,2,1,6,2,1,3,,,,,,
task_10,https://example.org/nist-atb1/resource/task_10,goal_gear,gear,gear_medium,Medium gear,GEABP1.0-40-10-B-10,shaft_medium,Shaft for medium gear,archetype_gear,"Align bore with shaft, seat gear and verify final gear engagement",Gear is seated on shaft; verify meshing of the completed gear train,3,2,1,6,2,1,3,,,,,,
task_11,https://example.org/nist-atb1/resource/task_11,goal_gear,gear,gear_large,Large gear,GEABP1.0-60-10-B-10,shaft_large,Shaft for large gear,archetype_gear,"Align bore with shaft, seat gear and verify final gear engagement",Gear is seated on shaft; verify meshing of the completed gear train,3,2,1,6,2,1,3,,,,,,
task_12,https://example.org/nist-atb1/resource/task_12,goal_connector,connector,plug_bnc,BNC male connector,BNCP-1.5A-K,socket_bnc,BNC female connector,archetype_connector,Align and mate connector; engage its applicable retention mechanism,Connector is engaged and fully seated; applicable lock or latch is engaged,3,2,1,6,2,1,3,,,,,,
task_13,https://example.org/nist-atb1/resource/task_13,goal_connector,connector,plug_waterproof,WATERPROOF male connector,MCON-E10-SP,socket_waterproof,WATERPROOF female connector,archetype_connector,Align and mate connector; engage its applicable retention mechanism,Connector is engaged and fully seated; applicable lock or latch is engaged,3,2,1,6,2,1,3,,,,,,
task_14,https://example.org/nist-atb1/resource/task_14,goal_connector,connector,plug_dsub,DSUB male connector,SETDSUB-B-ML-PP-25,socket_dsub,DSUB female connector,archetype_connector,Align and mate connector; engage its applicable retention mechanism,Connector is engaged and fully seated; applicable lock or latch is engaged,3,2,1,6,2,1,3,,,,,,
task_15,https://example.org/nist-atb1/resource/task_15,goal_connector,connector,plug_usb,USB male connector,U02-AM-BM-0.5,socket_usb,USB female connector,archetype_connector,Align and mate connector; engage its applicable retention mechanism,Connector is engaged and fully seated; applicable lock or latch is engaged,3,2,1,6,2,1,3,,,,,,
task_16,https://example.org/nist-atb1/resource/task_16,goal_connector,connector,plug_rj45,RJ45 male connector,ADT-EX-CRS5EK,socket_rj45,RJ45 female connector,archetype_connector,Align and mate connector; engage its applicable retention mechanism,Connector is engaged and fully seated; applicable lock or latch is engaged,3,2,1,6,2,1,3,,,,,,
task_17,https://example.org/nist-atb1/resource/task_17,goal_nut,nut,nut_m4,M4 nut,,bolt_m4,"M4 bolt, 16 mm long",archetype_nut,"Align nut with bolt, start thread and rotate to seated condition",Nut is threaded correctly and seated; torque is a locally defined parameter,3,2,1,6,2,1,3,,,,,,
task_18,https://example.org/nist-atb1/resource/task_18,goal_nut,nut,nut_m8,M8 nut,,bolt_m8,"M8 bolt, 18 mm long",archetype_nut,"Align nut with bolt, start thread and rotate to seated condition",Nut is threaded correctly and seated; torque is a locally defined parameter,3,2,1,6,2,1,3,,,,,,
task_19,https://example.org/nist-atb1/resource/task_19,goal_nut,nut,nut_m12,M12 nut,,bolt_m12,"M12 bolt, 20 mm long",archetype_nut,"Align nut with bolt, start thread and rotate to seated condition",Nut is threaded correctly and seated; torque is a locally defined parameter,3,2,1,6,2,1,3,,,,,,
task_20,https://example.org/nist-atb1/resource/task_20,goal_nut,nut,nut_m16,M16 nut,,bolt_m16,"M16 bolt, 25 mm long",archetype_nut,"Align nut with bolt, start thread and rotate to seated condition",Nut is threaded correctly and seated; torque is a locally defined parameter,3,2,1,6,2,1,3,,,,,,
