Serial,Capability Class
573834234ADSF,Push
573834234ADSF,Pull
573834234ADSF,Rotate
573834234ADSF,Reach
573834234ADSF,Press
89897624JKJL,Push
89897624JKJL,Pull
89897624JKJL,Rotate
89897624JKJL,Reach
89897624JKJL,Press
NVB6873432,Push
NVB6873432,Pull
NVB6873432,Rotate
NVB6873432,Reach
NVB6873432,Press
NVB68712F3,Push
NVB68712F3,Pull
NVB68712F3,Rotate
NVB68712F3,Reach
NVB68712F3,Press
JHF-3434-FDAF,Navigate
JHF-3434-FDAF,Rotate
JHF-3434-FDAF,Push
JHF-3434-FDAF,Press
777777-FDF,Open
777777-FDF,Close
777777-FDF,Place
777777-FDF,Pick
2343YKENFDA,Open
2343YKENFDA,Close
2343YKENFDA,Place
2343YKENFDA,Pick
4901700342,Open
4901700342,Close
4901700342,Place
4901700342,Pick
4789134Q-14,Open
4789134Q-14,Close
4789134Q-14,Place
4789134Q-14,Pick
SYN-D405-001,Distance
SYN-D405-001,Vision
SYN-OAKDW-001,Distance
SYN-OAKDW-001,Vision
