step_id,archetype_name
task_01_step_1,Inspector
task_01_step_2,Assembler
task_01_step_3,Assembler
task_01_step_4,Assembler
task_01_step_5,Assembler
task_02_step_1,Inspector
task_02_step_2,Assembler
task_02_step_3,Assembler
task_02_step_4,Assembler
task_02_step_5,Assembler
task_03_step_1,Inspector
task_03_step_2,Assembler
task_03_step_3,Assembler
task_03_step_4,Assembler
task_03_step_5,Assembler
task_04_step_1,Inspector
task_04_step_2,Assembler
task_04_step_3,Assembler
task_04_step_4,Assembler
task_04_step_5,Assembler
task_05_step_1,Inspector
task_05_step_2,Assembler
task_05_step_3,Assembler
task_05_step_4,Assembler
task_05_step_5,Assembler
task_06_step_1,Inspector
task_06_step_2,Assembler
task_06_step_3,Assembler
task_06_step_4,Assembler
task_06_step_5,Assembler
task_07_step_1,Inspector
task_07_step_2,Assembler
task_07_step_3,Assembler
task_07_step_4,Assembler
task_07_step_5,Assembler
task_08_step_1,Inspector
task_08_step_2,Assembler
task_08_step_3,Assembler
task_08_step_4,Assembler
task_08_step_5,Assembler
task_09_step_1,Inspector
task_09_step_2,Assembler
task_09_step_3,Assembler
task_09_step_4,Assembler
task_09_step_5,Assembler
task_10_step_1,Inspector
task_10_step_2,Assembler
task_10_step_3,Assembler
task_10_step_4,Assembler
task_10_step_5,Assembler
task_11_step_1,Inspector
task_11_step_2,Assembler
task_11_step_3,Assembler
task_11_step_4,Assembler
task_11_step_5,Assembler
task_12_step_1,Inspector
task_12_step_2,Assembler
task_12_step_3,Assembler
task_12_step_4,Assembler
task_12_step_5,Assembler
task_13_step_1,Inspector
task_13_step_2,Assembler
task_13_step_3,Assembler
task_13_step_4,Assembler
task_13_step_5,Assembler
task_14_step_1,Inspector
task_14_step_2,Assembler
task_14_step_3,Assembler
task_14_step_4,Assembler
task_14_step_5,Assembler
task_15_step_1,Inspector
task_15_step_2,Assembler
task_15_step_3,Assembler
task_15_step_4,Assembler
task_15_step_5,Assembler
task_16_step_1,Inspector
task_16_step_2,Assembler
task_16_step_3,Assembler
task_16_step_4,Assembler
task_16_step_5,Assembler
task_17_step_1,Inspector
task_17_step_2,Assembler
task_17_step_3,Assembler
task_17_step_4,Assembler
task_17_step_5,Assembler
task_18_step_1,Inspector
task_18_step_2,Assembler
task_18_step_3,Assembler
task_18_step_4,Assembler
task_18_step_5,Assembler
task_19_step_1,Inspector
task_19_step_2,Assembler
task_19_step_3,Assembler
task_19_step_4,Assembler
task_19_step_5,Assembler
task_20_step_1,Inspector
task_20_step_2,Assembler
task_20_step_3,Assembler
task_20_step_4,Assembler
task_20_step_5,Assembler
recovery_step_2,Explorer
recovery_step_3,Inspector
recovery_step_4,Assembler
recovery_step_5,Explorer
recovery_step_6,Assembler
recovery_step_7,Inspector
