action_id,capability_id
uc1_action_001,requirementVision
uc1_action_002,requirementPick
uc1_action_003,requirementReach
uc1_action_004,requirementPress
uc1_action_005,requirementPlace
uc1_action_005,requirementVision
uc1_action_006,requirementVision
uc1_action_007,requirementPick
uc1_action_008,requirementReach
uc1_action_009,requirementPress
uc1_action_010,requirementPlace
uc1_action_010,requirementVision
uc1_action_011,requirementVision
uc1_action_012,requirementPick
uc1_action_013,requirementReach
uc1_action_014,requirementPress
uc1_action_015,requirementPlace
uc1_action_015,requirementVision
uc1_action_016,requirementVision
uc1_action_017,requirementPick
uc1_action_018,requirementReach
uc1_action_019,requirementPress
uc1_action_020,requirementPlace
uc1_action_020,requirementVision
uc1_action_021,requirementVision
uc1_action_022,requirementPick
uc1_action_023,requirementReach
uc1_action_024,requirementPress
uc1_action_025,requirementPlace
uc1_action_025,requirementVision
uc1_action_026,requirementVision
uc1_action_028,requirementNavigate
uc1_action_029,requirementVision
uc1_action_030,requirementPick
uc1_action_031,requirementNavigate
uc1_action_032,requirementPlace
uc1_action_033,requirementVision
uc1_action_034,requirementPick
uc1_action_035,requirementReach
uc1_action_036,requirementPress
uc1_action_037,requirementPlace
uc1_action_037,requirementVision
uc1_action_038,requirementVision
uc1_action_039,requirementPick
uc1_action_040,requirementReach
uc1_action_041,requirementPress
uc1_action_042,requirementPlace
uc1_action_042,requirementVision
uc1_action_043,requirementVision
uc1_action_044,requirementPick
uc1_action_045,requirementReach
uc1_action_046,requirementPress
uc1_action_047,requirementPlace
uc1_action_047,requirementVision
uc1_action_048,requirementVision
uc1_action_049,requirementPick
uc1_action_050,requirementReach
uc1_action_051,requirementRotate
uc1_action_052,requirementPlace
uc1_action_052,requirementVision
uc1_action_053,requirementVision
uc1_action_054,requirementPick
uc1_action_055,requirementReach
uc1_action_056,requirementRotate
uc1_action_057,requirementPlace
uc1_action_057,requirementVision
uc1_action_058,requirementVision
uc1_action_059,requirementPick
uc1_action_060,requirementReach
uc1_action_061,requirementRotate
uc1_action_062,requirementPlace
uc1_action_062,requirementVision
uc1_action_063,requirementVision
uc1_action_064,requirementPick
uc1_action_065,requirementReach
uc1_action_066,requirementPress
uc1_action_067,requirementPlace
uc1_action_067,requirementVision
uc1_action_068,requirementVision
uc1_action_069,requirementPick
uc1_action_070,requirementReach
uc1_action_071,requirementPress
uc1_action_072,requirementPlace
uc1_action_072,requirementVision
uc1_action_073,requirementVision
uc1_action_074,requirementPick
uc1_action_075,requirementReach
uc1_action_076,requirementPress
uc1_action_077,requirementPlace
uc1_action_077,requirementVision
uc1_action_078,requirementVision
uc1_action_079,requirementPick
uc1_action_080,requirementReach
uc1_action_081,requirementPress
uc1_action_082,requirementPlace
uc1_action_082,requirementVision
uc1_action_083,requirementVision
uc1_action_084,requirementPick
uc1_action_085,requirementReach
uc1_action_086,requirementPress
uc1_action_087,requirementPlace
uc1_action_087,requirementVision
uc1_action_088,requirementVision
uc1_action_089,requirementPick
uc1_action_090,requirementReach
uc1_action_091,requirementRotate
uc1_action_092,requirementPlace
uc1_action_092,requirementVision
uc1_action_093,requirementVision
uc1_action_094,requirementPick
uc1_action_095,requirementReach
uc1_action_096,requirementRotate
uc1_action_097,requirementPlace
uc1_action_097,requirementVision
uc1_action_098,requirementVision
uc1_action_099,requirementPick
uc1_action_100,requirementReach
uc1_action_101,requirementRotate
uc1_action_102,requirementPlace
uc1_action_102,requirementVision
uc1_action_103,requirementVision
uc1_action_104,requirementPick
uc1_action_105,requirementReach
uc1_action_106,requirementRotate
uc1_action_107,requirementPlace
uc1_action_107,requirementVision
