plan_id,plan_step,action_id,step_id,task_id,goal_id,operator,agent_id,component_id,target_id,capability_ids_json,start_time_s,duration_s,end_time_s,predecessor_action_id,predecessor_step_id,state_before_id,state_before,state_after_id,state_after,preconditions_json,add_effects_json,delete_effects_json,pddl_action,phase,software_capability,trigger_event_id
plan_use_case_1,1,uc1_action_001,task_01_step_1,task_01,goal_peg,localize,RobS,round_peg_4,round_hole_4,"[""cap_vision""]",0,3,3,,,round_peg_4_state_0,available,round_peg_4_state_1,localized,"[""(available RobS)"", ""(reachable RobS round_peg_4)"", ""(assigned RobS goal_assemble)"", ""(not-paused RobS)"", ""(state round_peg_4 round_peg_4_state_0)""]","[""(state round_peg_4 round_peg_4_state_1)""]","[""(state round_peg_4 round_peg_4_state_0)""]",(localize RobS round_peg_4 round_hole_4),assembly,,
plan_use_case_1,2,uc1_action_002,task_01_step_2,task_01,goal_peg,grasp,RobS,round_peg_4,round_hole_4,"[""cap_pick""]",3,5,8,uc1_action_001,task_01_step_1,round_peg_4_state_1,localized,round_peg_4_state_2,grasped,"[""(available RobS)"", ""(reachable RobS round_peg_4)"", ""(assigned RobS goal_assemble)"", ""(not-paused RobS)"", ""(state round_peg_4 round_peg_4_state_1)""]","[""(state round_peg_4 round_peg_4_state_2)""]","[""(state round_peg_4 round_peg_4_state_1)""]",(grasp RobS round_peg_4 round_hole_4),assembly,,
plan_use_case_1,3,uc1_action_003,task_01_step_3,task_01,goal_peg,align,RobS,round_peg_4,round_hole_4,"[""cap_reach""]",8,8,16,uc1_action_002,task_01_step_2,round_peg_4_state_2,grasped,round_peg_4_state_3,aligned,"[""(available RobS)"", ""(reachable RobS round_peg_4)"", ""(assigned RobS goal_assemble)"", ""(not-paused RobS)"", ""(state round_peg_4 round_peg_4_state_2)""]","[""(state round_peg_4 round_peg_4_state_3)""]","[""(state round_peg_4 round_peg_4_state_2)""]",(align RobS round_peg_4 round_hole_4),assembly,,
plan_use_case_1,4,uc1_action_004,task_01_step_4,task_01,goal_peg,insert_peg,RobS,round_peg_4,round_hole_4,"[""cap_press""]",16,12,28,uc1_action_003,task_01_step_3,round_peg_4_state_3,aligned,round_peg_4_state_4,engaged,"[""(available RobS)"", ""(reachable RobS round_peg_4)"", ""(assigned RobS goal_assemble)"", ""(not-paused RobS)"", ""(state round_peg_4 round_peg_4_state_3)""]","[""(state round_peg_4 round_peg_4_state_4)""]","[""(state round_peg_4 round_peg_4_state_3)""]",(insert_peg RobS round_peg_4 round_hole_4),assembly,,
plan_use_case_1,5,uc1_action_005,task_01_step_5,task_01,goal_peg,release_verify,RobS,round_peg_4,round_hole_4,"[""cap_place"", ""cap_vision""]",28,4,32,uc1_action_004,task_01_step_4,round_peg_4_state_4,engaged,round_peg_4_state_5,verified,"[""(available RobS)"", ""(reachable RobS round_peg_4)"", ""(assigned RobS goal_assemble)"", ""(not-paused RobS)"", ""(state round_peg_4 round_peg_4_state_4)""]","[""(state round_peg_4 round_peg_4_state_5)""]","[""(state round_peg_4 round_peg_4_state_4)""]",(release_verify RobS round_peg_4 round_hole_4),assembly,,
plan_use_case_1,6,uc1_action_006,task_02_step_1,task_02,goal_peg,localize,RobS,round_peg_8,round_hole_8,"[""cap_vision""]",32,3,35,uc1_action_005,,round_peg_8_state_0,available,round_peg_8_state_1,localized,"[""(available RobS)"", ""(reachable RobS round_peg_8)"", ""(assigned RobS goal_assemble)"", ""(not-paused RobS)"", ""(state round_peg_8 round_peg_8_state_0)""]","[""(state round_peg_8 round_peg_8_state_1)""]","[""(state round_peg_8 round_peg_8_state_0)""]",(localize RobS round_peg_8 round_hole_8),assembly,,
plan_use_case_1,7,uc1_action_007,task_02_step_2,task_02,goal_peg,grasp,RobS,round_peg_8,round_hole_8,"[""cap_pick""]",35,5,40,uc1_action_006,task_02_step_1,round_peg_8_state_1,localized,round_peg_8_state_2,grasped,"[""(available RobS)"", ""(reachable RobS round_peg_8)"", ""(assigned RobS goal_assemble)"", ""(not-paused RobS)"", ""(state round_peg_8 round_peg_8_state_1)""]","[""(state round_peg_8 round_peg_8_state_2)""]","[""(state round_peg_8 round_peg_8_state_1)""]",(grasp RobS round_peg_8 round_hole_8),assembly,,
plan_use_case_1,8,uc1_action_008,task_02_step_3,task_02,goal_peg,align,RobS,round_peg_8,round_hole_8,"[""cap_reach""]",40,8,48,uc1_action_007,task_02_step_2,round_peg_8_state_2,grasped,round_peg_8_state_3,aligned,"[""(available RobS)"", ""(reachable RobS round_peg_8)"", ""(assigned RobS goal_assemble)"", ""(not-paused RobS)"", ""(state round_peg_8 round_peg_8_state_2)""]","[""(state round_peg_8 round_peg_8_state_3)""]","[""(state round_peg_8 round_peg_8_state_2)""]",(align RobS round_peg_8 round_hole_8),assembly,,
plan_use_case_1,9,uc1_action_009,task_02_step_4,task_02,goal_peg,insert_peg,RobS,round_peg_8,round_hole_8,"[""cap_press""]",48,12,60,uc1_action_008,task_02_step_3,round_peg_8_state_3,aligned,round_peg_8_state_4,engaged,"[""(available RobS)"", ""(reachable RobS round_peg_8)"", ""(assigned RobS goal_assemble)"", ""(not-paused RobS)"", ""(state round_peg_8 round_peg_8_state_3)""]","[""(state round_peg_8 round_peg_8_state_4)""]","[""(state round_peg_8 round_peg_8_state_3)""]",(insert_peg RobS round_peg_8 round_hole_8),assembly,,
plan_use_case_1,10,uc1_action_010,task_02_step_5,task_02,goal_peg,release_verify,RobS,round_peg_8,round_hole_8,"[""cap_place"", ""cap_vision""]",60,4,64,uc1_action_009,task_02_step_4,round_peg_8_state_4,engaged,round_peg_8_state_5,verified,"[""(available RobS)"", ""(reachable RobS round_peg_8)"", ""(assigned RobS goal_assemble)"", ""(not-paused RobS)"", ""(state round_peg_8 round_peg_8_state_4)""]","[""(state round_peg_8 round_peg_8_state_5)""]","[""(state round_peg_8 round_peg_8_state_4)""]",(release_verify RobS round_peg_8 round_hole_8),assembly,,
plan_use_case_1,11,uc1_action_011,task_03_step_1,task_03,goal_peg,localize,RobS,round_peg_12,round_hole_12,"[""cap_vision""]",64,3,67,uc1_action_010,,round_peg_12_state_0,available,round_peg_12_state_1,localized,"[""(available RobS)"", ""(reachable RobS round_peg_12)"", ""(assigned RobS goal_assemble)"", ""(not-paused RobS)"", ""(state round_peg_12 round_peg_12_state_0)""]","[""(state round_peg_12 round_peg_12_state_1)""]","[""(state round_peg_12 round_peg_12_state_0)""]",(localize RobS round_peg_12 round_hole_12),assembly,,
plan_use_case_1,12,uc1_action_012,task_03_step_2,task_03,goal_peg,grasp,RobS,round_peg_12,round_hole_12,"[""cap_pick""]",67,5,72,uc1_action_011,task_03_step_1,round_peg_12_state_1,localized,round_peg_12_state_2,grasped,"[""(available RobS)"", ""(reachable RobS round_peg_12)"", ""(assigned RobS goal_assemble)"", ""(not-paused RobS)"", ""(state round_peg_12 round_peg_12_state_1)""]","[""(state round_peg_12 round_peg_12_state_2)""]","[""(state round_peg_12 round_peg_12_state_1)""]",(grasp RobS round_peg_12 round_hole_12),assembly,,
plan_use_case_1,13,uc1_action_013,task_03_step_3,task_03,goal_peg,align,RobS,round_peg_12,round_hole_12,"[""cap_reach""]",72,8,80,uc1_action_012,task_03_step_2,round_peg_12_state_2,grasped,round_peg_12_state_3,aligned,"[""(available RobS)"", ""(reachable RobS round_peg_12)"", ""(assigned RobS goal_assemble)"", ""(not-paused RobS)"", ""(state round_peg_12 round_peg_12_state_2)""]","[""(state round_peg_12 round_peg_12_state_3)""]","[""(state round_peg_12 round_peg_12_state_2)""]",(align RobS round_peg_12 round_hole_12),assembly,,
plan_use_case_1,14,uc1_action_014,task_03_step_4,task_03,goal_peg,insert_peg,RobS,round_peg_12,round_hole_12,"[""cap_press""]",80,12,92,uc1_action_013,task_03_step_3,round_peg_12_state_3,aligned,round_peg_12_state_4,engaged,"[""(available RobS)"", ""(reachable RobS round_peg_12)"", ""(assigned RobS goal_assemble)"", ""(not-paused RobS)"", ""(state round_peg_12 round_peg_12_state_3)""]","[""(state round_peg_12 round_peg_12_state_4)""]","[""(state round_peg_12 round_peg_12_state_3)""]",(insert_peg RobS round_peg_12 round_hole_12),assembly,,
plan_use_case_1,15,uc1_action_015,task_03_step_5,task_03,goal_peg,release_verify,RobS,round_peg_12,round_hole_12,"[""cap_place"", ""cap_vision""]",92,4,96,uc1_action_014,task_03_step_4,round_peg_12_state_4,engaged,round_peg_12_state_5,verified,"[""(available RobS)"", ""(reachable RobS round_peg_12)"", ""(assigned RobS goal_assemble)"", ""(not-paused RobS)"", ""(state round_peg_12 round_peg_12_state_4)""]","[""(state round_peg_12 round_peg_12_state_5)""]","[""(state round_peg_12 round_peg_12_state_4)""]",(release_verify RobS round_peg_12 round_hole_12),assembly,,
plan_use_case_1,16,uc1_action_016,task_04_step_1,task_04,goal_peg,localize,RobS,round_peg_16,round_hole_16,"[""cap_vision""]",96,3,99,uc1_action_015,,round_peg_16_state_0,available,round_peg_16_state_1,localized,"[""(available RobS)"", ""(reachable RobS round_peg_16)"", ""(assigned RobS goal_assemble)"", ""(not-paused RobS)"", ""(state round_peg_16 round_peg_16_state_0)""]","[""(state round_peg_16 round_peg_16_state_1)""]","[""(state round_peg_16 round_peg_16_state_0)""]",(localize RobS round_peg_16 round_hole_16),assembly,,
plan_use_case_1,17,uc1_action_017,task_04_step_2,task_04,goal_peg,grasp,RobS,round_peg_16,round_hole_16,"[""cap_pick""]",99,5,104,uc1_action_016,task_04_step_1,round_peg_16_state_1,localized,round_peg_16_state_2,grasped,"[""(available RobS)"", ""(reachable RobS round_peg_16)"", ""(assigned RobS goal_assemble)"", ""(not-paused RobS)"", ""(state round_peg_16 round_peg_16_state_1)""]","[""(state round_peg_16 round_peg_16_state_2)""]","[""(state round_peg_16 round_peg_16_state_1)""]",(grasp RobS round_peg_16 round_hole_16),assembly,,
plan_use_case_1,18,uc1_action_018,task_04_step_3,task_04,goal_peg,align,RobS,round_peg_16,round_hole_16,"[""cap_reach""]",104,8,112,uc1_action_017,task_04_step_2,round_peg_16_state_2,grasped,round_peg_16_state_3,aligned,"[""(available RobS)"", ""(reachable RobS round_peg_16)"", ""(assigned RobS goal_assemble)"", ""(not-paused RobS)"", ""(state round_peg_16 round_peg_16_state_2)""]","[""(state round_peg_16 round_peg_16_state_3)""]","[""(state round_peg_16 round_peg_16_state_2)""]",(align RobS round_peg_16 round_hole_16),assembly,,
plan_use_case_1,19,uc1_action_019,task_04_step_4,task_04,goal_peg,insert_peg,RobS,round_peg_16,round_hole_16,"[""cap_press""]",112,12,124,uc1_action_018,task_04_step_3,round_peg_16_state_3,aligned,round_peg_16_state_4,engaged,"[""(available RobS)"", ""(reachable RobS round_peg_16)"", ""(assigned RobS goal_assemble)"", ""(not-paused RobS)"", ""(state round_peg_16 round_peg_16_state_3)""]","[""(state round_peg_16 round_peg_16_state_4)""]","[""(state round_peg_16 round_peg_16_state_3)""]",(insert_peg RobS round_peg_16 round_hole_16),assembly,,
plan_use_case_1,20,uc1_action_020,task_04_step_5,task_04,goal_peg,release_verify,RobS,round_peg_16,round_hole_16,"[""cap_place"", ""cap_vision""]",124,4,128,uc1_action_019,task_04_step_4,round_peg_16_state_4,engaged,round_peg_16_state_5,verified,"[""(available RobS)"", ""(reachable RobS round_peg_16)"", ""(assigned RobS goal_assemble)"", ""(not-paused RobS)"", ""(state round_peg_16 round_peg_16_state_4)""]","[""(state round_peg_16 round_peg_16_state_5)""]","[""(state round_peg_16 round_peg_16_state_4)""]",(release_verify RobS round_peg_16 round_hole_16),assembly,,
plan_use_case_1,21,uc1_action_021,task_05_step_1,task_05,goal_peg,localize,RobS,rect_peg_4,rect_hole_4,"[""cap_vision""]",128,3,131,uc1_action_020,,rect_peg_4_state_0,available,rect_peg_4_state_1,localized,"[""(available RobS)"", ""(reachable RobS rect_peg_4)"", ""(assigned RobS goal_assemble)"", ""(not-paused RobS)"", ""(state rect_peg_4 rect_peg_4_state_0)""]","[""(state rect_peg_4 rect_peg_4_state_1)""]","[""(state rect_peg_4 rect_peg_4_state_0)""]",(localize RobS rect_peg_4 rect_hole_4),assembly,,
plan_use_case_1,22,uc1_action_022,task_05_step_2,task_05,goal_peg,grasp,RobS,rect_peg_4,rect_hole_4,"[""cap_pick""]",131,5,136,uc1_action_021,task_05_step_1,rect_peg_4_state_1,localized,rect_peg_4_state_2,grasped,"[""(available RobS)"", ""(reachable RobS rect_peg_4)"", ""(assigned RobS goal_assemble)"", ""(not-paused RobS)"", ""(state rect_peg_4 rect_peg_4_state_1)""]","[""(state rect_peg_4 rect_peg_4_state_2)""]","[""(state rect_peg_4 rect_peg_4_state_1)""]",(grasp RobS rect_peg_4 rect_hole_4),assembly,,
plan_use_case_1,23,uc1_action_023,task_05_step_3,task_05,goal_peg,align,RobS,rect_peg_4,rect_hole_4,"[""cap_reach""]",136,8,144,uc1_action_022,task_05_step_2,rect_peg_4_state_2,grasped,rect_peg_4_state_3,aligned,"[""(available RobS)"", ""(reachable RobS rect_peg_4)"", ""(assigned RobS goal_assemble)"", ""(not-paused RobS)"", ""(state rect_peg_4 rect_peg_4_state_2)""]","[""(state rect_peg_4 rect_peg_4_state_3)""]","[""(state rect_peg_4 rect_peg_4_state_2)""]",(align RobS rect_peg_4 rect_hole_4),assembly,,
plan_use_case_1,24,uc1_action_024,task_05_step_4,task_05,goal_peg,insert_peg,RobS,rect_peg_4,rect_hole_4,"[""cap_press""]",144,16,160,uc1_action_023,task_05_step_3,rect_peg_4_state_3,aligned,rect_peg_4_state_4,engaged,"[""(available RobS)"", ""(reachable RobS rect_peg_4)"", ""(assigned RobS goal_assemble)"", ""(not-paused RobS)"", ""(state rect_peg_4 rect_peg_4_state_3)""]","[""(state rect_peg_4 rect_peg_4_state_4)""]","[""(state rect_peg_4 rect_peg_4_state_3)""]",(insert_peg RobS rect_peg_4 rect_hole_4),assembly,,
plan_use_case_1,25,uc1_action_025,task_05_step_5,task_05,goal_peg,release_verify,RobS,rect_peg_4,rect_hole_4,"[""cap_place"", ""cap_vision""]",160,4,164,uc1_action_024,task_05_step_4,rect_peg_4_state_4,engaged,rect_peg_4_state_5,verified,"[""(available RobS)"", ""(reachable RobS rect_peg_4)"", ""(assigned RobS goal_assemble)"", ""(not-paused RobS)"", ""(state rect_peg_4 rect_peg_4_state_4)""]","[""(state rect_peg_4 rect_peg_4_state_5)""]","[""(state rect_peg_4 rect_peg_4_state_4)""]",(release_verify RobS rect_peg_4 rect_hole_4),assembly,,
plan_use_case_1,26,uc1_action_026,task_06_step_1,task_06,goal_peg,localize,RobS,rect_peg_8,rect_hole_8,"[""cap_vision""]",164,3,167,uc1_action_025,,rect_peg_8_state_0,available,rect_peg_8_state_1,localized,"[""(available RobS)"", ""(reachable RobS rect_peg_8)"", ""(assigned RobS goal_assemble)"", ""(not-paused RobS)"", ""(state rect_peg_8 rect_peg_8_state_0)""]","[""(state rect_peg_8 rect_peg_8_state_1)""]","[""(state rect_peg_8 rect_peg_8_state_0)""]",(localize RobS rect_peg_8 rect_hole_8),assembly,,
plan_use_case_1,27,uc1_action_027,recovery_step_1,task_recovery,goal_recovery,pause_assembly,RobS,rect_peg_8,,[],167,2,169,uc1_action_026,,rect_peg_8_displaced,outside_stationary_reach,rect_peg_8_displaced,outside_stationary_reach,"[""(available RobS)"", ""(state rect_peg_8 rect_peg_8_displaced)""]","[""(paused RobS)""]","[""(not-paused RobS)""]",(pause_assembly RobS rect_peg_8),recovery,,event_H_displacement
plan_use_case_1,28,uc1_action_028,recovery_step_2,task_recovery,goal_recovery,navigate_to_component,RobM,rect_peg_8,outside_RobS_reach,"[""cap_navigate""]",169,30,199,uc1_action_027,recovery_step_1,rect_peg_8_displaced,outside_stationary_reach,rect_peg_8_displaced,outside_stationary_reach,"[""(available RobM)"", ""(state rect_peg_8 rect_peg_8_displaced)""]","[""(mobile-arm-reachable rect_peg_8)""]",[],(navigate_to_component RobM rect_peg_8 outside_RobS_reach),recovery,,event_H_displacement
plan_use_case_1,29,uc1_action_029,recovery_step_3,task_recovery,goal_recovery,localize_recovery_component,RobM,rect_peg_8,outside_RobS_reach,"[""cap_vision""]",199,4,203,uc1_action_028,recovery_step_2,rect_peg_8_displaced,outside_stationary_reach,rect_peg_8_recovery_localized,localized_for_retrieval,"[""(available RobM)"", ""(state rect_peg_8 rect_peg_8_displaced)""]","[""(state rect_peg_8 rect_peg_8_recovery_localized)""]","[""(state rect_peg_8 rect_peg_8_displaced)""]",(localize_recovery_component RobM rect_peg_8 outside_RobS_reach),recovery,,event_H_displacement
plan_use_case_1,30,uc1_action_030,recovery_step_4,task_recovery,goal_recovery,grasp_recovery_component,RobM,rect_peg_8,,"[""cap_pick""]",203,6,209,uc1_action_029,recovery_step_3,rect_peg_8_recovery_localized,localized_for_retrieval,rect_peg_8_recovery_grasped,held_by_RobM,"[""(available RobM)"", ""(mobile-arm-reachable rect_peg_8)"", ""(state rect_peg_8 rect_peg_8_recovery_localized)""]","[""(state rect_peg_8 rect_peg_8_recovery_grasped)""]","[""(state rect_peg_8 rect_peg_8_recovery_localized)""]",(grasp_recovery_component RobM rect_peg_8),recovery,,event_H_displacement
plan_use_case_1,31,uc1_action_031,recovery_step_5,task_recovery,goal_recovery,transport_component,RobM,rect_peg_8,RobS_reachable_zone,"[""cap_navigate""]",209,40,249,uc1_action_030,recovery_step_4,rect_peg_8_recovery_grasped,held_by_RobM,rect_peg_8_recovery_transport,transported_by_RobM,"[""(available RobM)"", ""(state rect_peg_8 rect_peg_8_recovery_grasped)""]","[""(state rect_peg_8 rect_peg_8_recovery_transport)""]","[""(state rect_peg_8 rect_peg_8_recovery_grasped)""]",(transport_component RobM rect_peg_8 RobS_reachable_zone),recovery,,event_H_displacement
plan_use_case_1,32,uc1_action_032,recovery_step_6,task_recovery,goal_recovery,place_recovery_component,RobM,rect_peg_8,RobS_reachable_zone,"[""cap_place""]",249,7,256,uc1_action_031,recovery_step_5,rect_peg_8_recovery_transport,transported_by_RobM,rect_peg_8_returned,returned_to_stationary_zone,"[""(available RobM)"", ""(state rect_peg_8 rect_peg_8_recovery_transport)""]","[""(reachable RobS rect_peg_8)"", ""(state rect_peg_8 rect_peg_8_returned)""]","[""(outside-reach RobS rect_peg_8)"", ""(state rect_peg_8 rect_peg_8_recovery_transport)""]",(place_recovery_component RobM rect_peg_8 RobS_reachable_zone),recovery,,event_H_displacement
plan_use_case_1,33,uc1_action_033,recovery_step_7,task_recovery,goal_recovery,verify_and_resume_assembly,RobS,rect_peg_8,,"[""cap_vision""]",256,3,259,uc1_action_032,recovery_step_6,rect_peg_8_returned,returned_to_stationary_zone,rect_peg_8_state_1,localized,"[""(available RobS)"", ""(reachable RobS rect_peg_8)"", ""(paused RobS)"", ""(state rect_peg_8 rect_peg_8_returned)""]","[""(not-paused RobS)"", ""(state rect_peg_8 rect_peg_8_state_1)""]","[""(paused RobS)"", ""(state rect_peg_8 rect_peg_8_returned)""]",(verify_and_resume_assembly RobS rect_peg_8),recovery,,event_H_displacement
plan_use_case_1,34,uc1_action_034,task_06_step_2,task_06,goal_peg,grasp,RobS,rect_peg_8,rect_hole_8,"[""cap_pick""]",259,5,264,uc1_action_033,task_06_step_1,rect_peg_8_state_1,localized,rect_peg_8_state_2,grasped,"[""(available RobS)"", ""(reachable RobS rect_peg_8)"", ""(assigned RobS goal_assemble)"", ""(not-paused RobS)"", ""(state rect_peg_8 rect_peg_8_state_1)""]","[""(state rect_peg_8 rect_peg_8_state_2)""]","[""(state rect_peg_8 rect_peg_8_state_1)""]",(grasp RobS rect_peg_8 rect_hole_8),assembly,,
plan_use_case_1,35,uc1_action_035,task_06_step_3,task_06,goal_peg,align,RobS,rect_peg_8,rect_hole_8,"[""cap_reach""]",264,8,272,uc1_action_034,task_06_step_2,rect_peg_8_state_2,grasped,rect_peg_8_state_3,aligned,"[""(available RobS)"", ""(reachable RobS rect_peg_8)"", ""(assigned RobS goal_assemble)"", ""(not-paused RobS)"", ""(state rect_peg_8 rect_peg_8_state_2)""]","[""(state rect_peg_8 rect_peg_8_state_3)""]","[""(state rect_peg_8 rect_peg_8_state_2)""]",(align RobS rect_peg_8 rect_hole_8),assembly,,
plan_use_case_1,36,uc1_action_036,task_06_step_4,task_06,goal_peg,insert_peg,RobS,rect_peg_8,rect_hole_8,"[""cap_press""]",272,16,288,uc1_action_035,task_06_step_3,rect_peg_8_state_3,aligned,rect_peg_8_state_4,engaged,"[""(available RobS)"", ""(reachable RobS rect_peg_8)"", ""(assigned RobS goal_assemble)"", ""(not-paused RobS)"", ""(state rect_peg_8 rect_peg_8_state_3)""]","[""(state rect_peg_8 rect_peg_8_state_4)""]","[""(state rect_peg_8 rect_peg_8_state_3)""]",(insert_peg RobS rect_peg_8 rect_hole_8),assembly,,
plan_use_case_1,37,uc1_action_037,task_06_step_5,task_06,goal_peg,release_verify,RobS,rect_peg_8,rect_hole_8,"[""cap_place"", ""cap_vision""]",288,4,292,uc1_action_036,task_06_step_4,rect_peg_8_state_4,engaged,rect_peg_8_state_5,verified,"[""(available RobS)"", ""(reachable RobS rect_peg_8)"", ""(assigned RobS goal_assemble)"", ""(not-paused RobS)"", ""(state rect_peg_8 rect_peg_8_state_4)""]","[""(state rect_peg_8 rect_peg_8_state_5)""]","[""(state rect_peg_8 rect_peg_8_state_4)""]",(release_verify RobS rect_peg_8 rect_hole_8),assembly,,
plan_use_case_1,38,uc1_action_038,task_07_step_1,task_07,goal_peg,localize,RobS,rect_peg_12,rect_hole_12,"[""cap_vision""]",292,3,295,uc1_action_037,,rect_peg_12_state_0,available,rect_peg_12_state_1,localized,"[""(available RobS)"", ""(reachable RobS rect_peg_12)"", ""(assigned RobS goal_assemble)"", ""(not-paused RobS)"", ""(state rect_peg_12 rect_peg_12_state_0)""]","[""(state rect_peg_12 rect_peg_12_state_1)""]","[""(state rect_peg_12 rect_peg_12_state_0)""]",(localize RobS rect_peg_12 rect_hole_12),assembly,,
plan_use_case_1,39,uc1_action_039,task_07_step_2,task_07,goal_peg,grasp,RobS,rect_peg_12,rect_hole_12,"[""cap_pick""]",295,5,300,uc1_action_038,task_07_step_1,rect_peg_12_state_1,localized,rect_peg_12_state_2,grasped,"[""(available RobS)"", ""(reachable RobS rect_peg_12)"", ""(assigned RobS goal_assemble)"", ""(not-paused RobS)"", ""(state rect_peg_12 rect_peg_12_state_1)""]","[""(state rect_peg_12 rect_peg_12_state_2)""]","[""(state rect_peg_12 rect_peg_12_state_1)""]",(grasp RobS rect_peg_12 rect_hole_12),assembly,,
plan_use_case_1,40,uc1_action_040,task_07_step_3,task_07,goal_peg,align,RobS,rect_peg_12,rect_hole_12,"[""cap_reach""]",300,8,308,uc1_action_039,task_07_step_2,rect_peg_12_state_2,grasped,rect_peg_12_state_3,aligned,"[""(available RobS)"", ""(reachable RobS rect_peg_12)"", ""(assigned RobS goal_assemble)"", ""(not-paused RobS)"", ""(state rect_peg_12 rect_peg_12_state_2)""]","[""(state rect_peg_12 rect_peg_12_state_3)""]","[""(state rect_peg_12 rect_peg_12_state_2)""]",(align RobS rect_peg_12 rect_hole_12),assembly,,
plan_use_case_1,41,uc1_action_041,task_07_step_4,task_07,goal_peg,insert_peg,RobS,rect_peg_12,rect_hole_12,"[""cap_press""]",308,16,324,uc1_action_040,task_07_step_3,rect_peg_12_state_3,aligned,rect_peg_12_state_4,engaged,"[""(available RobS)"", ""(reachable RobS rect_peg_12)"", ""(assigned RobS goal_assemble)"", ""(not-paused RobS)"", ""(state rect_peg_12 rect_peg_12_state_3)""]","[""(state rect_peg_12 rect_peg_12_state_4)""]","[""(state rect_peg_12 rect_peg_12_state_3)""]",(insert_peg RobS rect_peg_12 rect_hole_12),assembly,,
plan_use_case_1,42,uc1_action_042,task_07_step_5,task_07,goal_peg,release_verify,RobS,rect_peg_12,rect_hole_12,"[""cap_place"", ""cap_vision""]",324,4,328,uc1_action_041,task_07_step_4,rect_peg_12_state_4,engaged,rect_peg_12_state_5,verified,"[""(available RobS)"", ""(reachable RobS rect_peg_12)"", ""(assigned RobS goal_assemble)"", ""(not-paused RobS)"", ""(state rect_peg_12 rect_peg_12_state_4)""]","[""(state rect_peg_12 rect_peg_12_state_5)""]","[""(state rect_peg_12 rect_peg_12_state_4)""]",(release_verify RobS rect_peg_12 rect_hole_12),assembly,,
plan_use_case_1,43,uc1_action_043,task_08_step_1,task_08,goal_peg,localize,RobS,rect_peg_16,rect_hole_16,"[""cap_vision""]",328,3,331,uc1_action_042,,rect_peg_16_state_0,available,rect_peg_16_state_1,localized,"[""(available RobS)"", ""(reachable RobS rect_peg_16)"", ""(assigned RobS goal_assemble)"", ""(not-paused RobS)"", ""(state rect_peg_16 rect_peg_16_state_0)""]","[""(state rect_peg_16 rect_peg_16_state_1)""]","[""(state rect_peg_16 rect_peg_16_state_0)""]",(localize RobS rect_peg_16 rect_hole_16),assembly,,
plan_use_case_1,44,uc1_action_044,task_08_step_2,task_08,goal_peg,grasp,RobS,rect_peg_16,rect_hole_16,"[""cap_pick""]",331,5,336,uc1_action_043,task_08_step_1,rect_peg_16_state_1,localized,rect_peg_16_state_2,grasped,"[""(available RobS)"", ""(reachable RobS rect_peg_16)"", ""(assigned RobS goal_assemble)"", ""(not-paused RobS)"", ""(state rect_peg_16 rect_peg_16_state_1)""]","[""(state rect_peg_16 rect_peg_16_state_2)""]","[""(state rect_peg_16 rect_peg_16_state_1)""]",(grasp RobS rect_peg_16 rect_hole_16),assembly,,
plan_use_case_1,45,uc1_action_045,task_08_step_3,task_08,goal_peg,align,RobS,rect_peg_16,rect_hole_16,"[""cap_reach""]",336,8,344,uc1_action_044,task_08_step_2,rect_peg_16_state_2,grasped,rect_peg_16_state_3,aligned,"[""(available RobS)"", ""(reachable RobS rect_peg_16)"", ""(assigned RobS goal_assemble)"", ""(not-paused RobS)"", ""(state rect_peg_16 rect_peg_16_state_2)""]","[""(state rect_peg_16 rect_peg_16_state_3)""]","[""(state rect_peg_16 rect_peg_16_state_2)""]",(align RobS rect_peg_16 rect_hole_16),assembly,,
plan_use_case_1,46,uc1_action_046,task_08_step_4,task_08,goal_peg,insert_peg,RobS,rect_peg_16,rect_hole_16,"[""cap_press""]",344,16,360,uc1_action_045,task_08_step_3,rect_peg_16_state_3,aligned,rect_peg_16_state_4,engaged,"[""(available RobS)"", ""(reachable RobS rect_peg_16)"", ""(assigned RobS goal_assemble)"", ""(not-paused RobS)"", ""(state rect_peg_16 rect_peg_16_state_3)""]","[""(state rect_peg_16 rect_peg_16_state_4)""]","[""(state rect_peg_16 rect_peg_16_state_3)""]",(insert_peg RobS rect_peg_16 rect_hole_16),assembly,,
plan_use_case_1,47,uc1_action_047,task_08_step_5,task_08,goal_peg,release_verify,RobS,rect_peg_16,rect_hole_16,"[""cap_place"", ""cap_vision""]",360,4,364,uc1_action_046,task_08_step_4,rect_peg_16_state_4,engaged,rect_peg_16_state_5,verified,"[""(available RobS)"", ""(reachable RobS rect_peg_16)"", ""(assigned RobS goal_assemble)"", ""(not-paused RobS)"", ""(state rect_peg_16 rect_peg_16_state_4)""]","[""(state rect_peg_16 rect_peg_16_state_5)""]","[""(state rect_peg_16 rect_peg_16_state_4)""]",(release_verify RobS rect_peg_16 rect_hole_16),assembly,,
plan_use_case_1,48,uc1_action_048,task_09_step_1,task_09,goal_gear,localize,RobS,gear_small,shaft_small,"[""cap_vision""]",364,3,367,uc1_action_047,,gear_small_state_0,available,gear_small_state_1,localized,"[""(available RobS)"", ""(reachable RobS gear_small)"", ""(assigned RobS goal_assemble)"", ""(not-paused RobS)"", ""(state gear_small gear_small_state_0)""]","[""(state gear_small gear_small_state_1)""]","[""(state gear_small gear_small_state_0)""]",(localize RobS gear_small shaft_small),assembly,,
plan_use_case_1,49,uc1_action_049,task_09_step_2,task_09,goal_gear,grasp,RobS,gear_small,shaft_small,"[""cap_pick""]",367,5,372,uc1_action_048,task_09_step_1,gear_small_state_1,localized,gear_small_state_2,grasped,"[""(available RobS)"", ""(reachable RobS gear_small)"", ""(assigned RobS goal_assemble)"", ""(not-paused RobS)"", ""(state gear_small gear_small_state_1)""]","[""(state gear_small gear_small_state_2)""]","[""(state gear_small gear_small_state_1)""]",(grasp RobS gear_small shaft_small),assembly,,
plan_use_case_1,50,uc1_action_050,task_09_step_3,task_09,goal_gear,align,RobS,gear_small,shaft_small,"[""cap_reach""]",372,8,380,uc1_action_049,task_09_step_2,gear_small_state_2,grasped,gear_small_state_3,aligned,"[""(available RobS)"", ""(reachable RobS gear_small)"", ""(assigned RobS goal_assemble)"", ""(not-paused RobS)"", ""(state gear_small gear_small_state_2)""]","[""(state gear_small gear_small_state_3)""]","[""(state gear_small gear_small_state_2)""]",(align RobS gear_small shaft_small),assembly,,
plan_use_case_1,51,uc1_action_051,task_09_step_4,task_09,goal_gear,seat_gear,RobS,gear_small,shaft_small,"[""cap_rotate""]",380,18,398,uc1_action_050,task_09_step_3,gear_small_state_3,aligned,gear_small_state_4,engaged,"[""(available RobS)"", ""(reachable RobS gear_small)"", ""(assigned RobS goal_assemble)"", ""(not-paused RobS)"", ""(state gear_small gear_small_state_3)""]","[""(state gear_small gear_small_state_4)""]","[""(state gear_small gear_small_state_3)""]",(seat_gear RobS gear_small shaft_small),assembly,,
plan_use_case_1,52,uc1_action_052,task_09_step_5,task_09,goal_gear,release_verify,RobS,gear_small,shaft_small,"[""cap_place"", ""cap_vision""]",398,4,402,uc1_action_051,task_09_step_4,gear_small_state_4,engaged,gear_small_state_5,verified,"[""(available RobS)"", ""(reachable RobS gear_small)"", ""(assigned RobS goal_assemble)"", ""(not-paused RobS)"", ""(state gear_small gear_small_state_4)""]","[""(state gear_small gear_small_state_5)""]","[""(state gear_small gear_small_state_4)""]",(release_verify RobS gear_small shaft_small),assembly,,
plan_use_case_1,53,uc1_action_053,task_10_step_1,task_10,goal_gear,localize,RobS,gear_medium,shaft_medium,"[""cap_vision""]",402,3,405,uc1_action_052,,gear_medium_state_0,available,gear_medium_state_1,localized,"[""(available RobS)"", ""(reachable RobS gear_medium)"", ""(assigned RobS goal_assemble)"", ""(not-paused RobS)"", ""(state gear_medium gear_medium_state_0)""]","[""(state gear_medium gear_medium_state_1)""]","[""(state gear_medium gear_medium_state_0)""]",(localize RobS gear_medium shaft_medium),assembly,,
plan_use_case_1,54,uc1_action_054,task_10_step_2,task_10,goal_gear,grasp,RobS,gear_medium,shaft_medium,"[""cap_pick""]",405,5,410,uc1_action_053,task_10_step_1,gear_medium_state_1,localized,gear_medium_state_2,grasped,"[""(available RobS)"", ""(reachable RobS gear_medium)"", ""(assigned RobS goal_assemble)"", ""(not-paused RobS)"", ""(state gear_medium gear_medium_state_1)""]","[""(state gear_medium gear_medium_state_2)""]","[""(state gear_medium gear_medium_state_1)""]",(grasp RobS gear_medium shaft_medium),assembly,,
plan_use_case_1,55,uc1_action_055,task_10_step_3,task_10,goal_gear,align,RobS,gear_medium,shaft_medium,"[""cap_reach""]",410,8,418,uc1_action_054,task_10_step_2,gear_medium_state_2,grasped,gear_medium_state_3,aligned,"[""(available RobS)"", ""(reachable RobS gear_medium)"", ""(assigned RobS goal_assemble)"", ""(not-paused RobS)"", ""(state gear_medium gear_medium_state_2)""]","[""(state gear_medium gear_medium_state_3)""]","[""(state gear_medium gear_medium_state_2)""]",(align RobS gear_medium shaft_medium),assembly,,
plan_use_case_1,56,uc1_action_056,task_10_step_4,task_10,goal_gear,seat_gear,RobS,gear_medium,shaft_medium,"[""cap_rotate""]",418,18,436,uc1_action_055,task_10_step_3,gear_medium_state_3,aligned,gear_medium_state_4,engaged,"[""(available RobS)"", ""(reachable RobS gear_medium)"", ""(assigned RobS goal_assemble)"", ""(not-paused RobS)"", ""(state gear_medium gear_medium_state_3)""]","[""(state gear_medium gear_medium_state_4)""]","[""(state gear_medium gear_medium_state_3)""]",(seat_gear RobS gear_medium shaft_medium),assembly,,
plan_use_case_1,57,uc1_action_057,task_10_step_5,task_10,goal_gear,release_verify,RobS,gear_medium,shaft_medium,"[""cap_place"", ""cap_vision""]",436,4,440,uc1_action_056,task_10_step_4,gear_medium_state_4,engaged,gear_medium_state_5,verified,"[""(available RobS)"", ""(reachable RobS gear_medium)"", ""(assigned RobS goal_assemble)"", ""(not-paused RobS)"", ""(state gear_medium gear_medium_state_4)""]","[""(state gear_medium gear_medium_state_5)""]","[""(state gear_medium gear_medium_state_4)""]",(release_verify RobS gear_medium shaft_medium),assembly,,
plan_use_case_1,58,uc1_action_058,task_11_step_1,task_11,goal_gear,localize,RobS,gear_large,shaft_large,"[""cap_vision""]",440,3,443,uc1_action_057,,gear_large_state_0,available,gear_large_state_1,localized,"[""(available RobS)"", ""(reachable RobS gear_large)"", ""(assigned RobS goal_assemble)"", ""(not-paused RobS)"", ""(state gear_large gear_large_state_0)""]","[""(state gear_large gear_large_state_1)""]","[""(state gear_large gear_large_state_0)""]",(localize RobS gear_large shaft_large),assembly,,
plan_use_case_1,59,uc1_action_059,task_11_step_2,task_11,goal_gear,grasp,RobS,gear_large,shaft_large,"[""cap_pick""]",443,5,448,uc1_action_058,task_11_step_1,gear_large_state_1,localized,gear_large_state_2,grasped,"[""(available RobS)"", ""(reachable RobS gear_large)"", ""(assigned RobS goal_assemble)"", ""(not-paused RobS)"", ""(state gear_large gear_large_state_1)""]","[""(state gear_large gear_large_state_2)""]","[""(state gear_large gear_large_state_1)""]",(grasp RobS gear_large shaft_large),assembly,,
plan_use_case_1,60,uc1_action_060,task_11_step_3,task_11,goal_gear,align,RobS,gear_large,shaft_large,"[""cap_reach""]",448,8,456,uc1_action_059,task_11_step_2,gear_large_state_2,grasped,gear_large_state_3,aligned,"[""(available RobS)"", ""(reachable RobS gear_large)"", ""(assigned RobS goal_assemble)"", ""(not-paused RobS)"", ""(state gear_large gear_large_state_2)""]","[""(state gear_large gear_large_state_3)""]","[""(state gear_large gear_large_state_2)""]",(align RobS gear_large shaft_large),assembly,,
plan_use_case_1,61,uc1_action_061,task_11_step_4,task_11,goal_gear,seat_gear,RobS,gear_large,shaft_large,"[""cap_rotate""]",456,18,474,uc1_action_060,task_11_step_3,gear_large_state_3,aligned,gear_large_state_4,engaged,"[""(available RobS)"", ""(reachable RobS gear_large)"", ""(assigned RobS goal_assemble)"", ""(not-paused RobS)"", ""(state gear_large gear_large_state_3)""]","[""(state gear_large gear_large_state_4)""]","[""(state gear_large gear_large_state_3)""]",(seat_gear RobS gear_large shaft_large),assembly,,
plan_use_case_1,62,uc1_action_062,task_11_step_5,task_11,goal_gear,release_verify,RobS,gear_large,shaft_large,"[""cap_place"", ""cap_vision""]",474,4,478,uc1_action_061,task_11_step_4,gear_large_state_4,engaged,gear_large_state_5,verified,"[""(available RobS)"", ""(reachable RobS gear_large)"", ""(assigned RobS goal_assemble)"", ""(not-paused RobS)"", ""(state gear_large gear_large_state_4)""]","[""(state gear_large gear_large_state_5)""]","[""(state gear_large gear_large_state_4)""]",(release_verify RobS gear_large shaft_large),assembly,,
plan_use_case_1,63,uc1_action_063,task_12_step_1,task_12,goal_connector,localize,RobS,plug_bnc,socket_bnc,"[""cap_vision""]",478,3,481,uc1_action_062,,plug_bnc_state_0,available,plug_bnc_state_1,localized,"[""(available RobS)"", ""(reachable RobS plug_bnc)"", ""(assigned RobS goal_assemble)"", ""(not-paused RobS)"", ""(state plug_bnc plug_bnc_state_0)""]","[""(state plug_bnc plug_bnc_state_1)""]","[""(state plug_bnc plug_bnc_state_0)""]",(localize RobS plug_bnc socket_bnc),assembly,,
plan_use_case_1,64,uc1_action_064,task_12_step_2,task_12,goal_connector,grasp,RobS,plug_bnc,socket_bnc,"[""cap_pick""]",481,5,486,uc1_action_063,task_12_step_1,plug_bnc_state_1,localized,plug_bnc_state_2,grasped,"[""(available RobS)"", ""(reachable RobS plug_bnc)"", ""(assigned RobS goal_assemble)"", ""(not-paused RobS)"", ""(state plug_bnc plug_bnc_state_1)""]","[""(state plug_bnc plug_bnc_state_2)""]","[""(state plug_bnc plug_bnc_state_1)""]",(grasp RobS plug_bnc socket_bnc),assembly,,
plan_use_case_1,65,uc1_action_065,task_12_step_3,task_12,goal_connector,align,RobS,plug_bnc,socket_bnc,"[""cap_reach""]",486,8,494,uc1_action_064,task_12_step_2,plug_bnc_state_2,grasped,plug_bnc_state_3,aligned,"[""(available RobS)"", ""(reachable RobS plug_bnc)"", ""(assigned RobS goal_assemble)"", ""(not-paused RobS)"", ""(state plug_bnc plug_bnc_state_2)""]","[""(state plug_bnc plug_bnc_state_3)""]","[""(state plug_bnc plug_bnc_state_2)""]",(align RobS plug_bnc socket_bnc),assembly,,
plan_use_case_1,66,uc1_action_066,task_12_step_4,task_12,goal_connector,mate_connector,RobS,plug_bnc,socket_bnc,"[""cap_press""]",494,18,512,uc1_action_065,task_12_step_3,plug_bnc_state_3,aligned,plug_bnc_state_4,engaged,"[""(available RobS)"", ""(reachable RobS plug_bnc)"", ""(assigned RobS goal_assemble)"", ""(not-paused RobS)"", ""(state plug_bnc plug_bnc_state_3)""]","[""(state plug_bnc plug_bnc_state_4)""]","[""(state plug_bnc plug_bnc_state_3)""]",(mate_connector RobS plug_bnc socket_bnc),assembly,,
plan_use_case_1,67,uc1_action_067,task_12_step_5,task_12,goal_connector,release_verify,RobS,plug_bnc,socket_bnc,"[""cap_place"", ""cap_vision""]",512,4,516,uc1_action_066,task_12_step_4,plug_bnc_state_4,engaged,plug_bnc_state_5,verified,"[""(available RobS)"", ""(reachable RobS plug_bnc)"", ""(assigned RobS goal_assemble)"", ""(not-paused RobS)"", ""(state plug_bnc plug_bnc_state_4)""]","[""(state plug_bnc plug_bnc_state_5)""]","[""(state plug_bnc plug_bnc_state_4)""]",(release_verify RobS plug_bnc socket_bnc),assembly,,
plan_use_case_1,68,uc1_action_068,task_13_step_1,task_13,goal_connector,localize,RobS,plug_waterproof,socket_waterproof,"[""cap_vision""]",516,3,519,uc1_action_067,,plug_waterproof_state_0,available,plug_waterproof_state_1,localized,"[""(available RobS)"", ""(reachable RobS plug_waterproof)"", ""(assigned RobS goal_assemble)"", ""(not-paused RobS)"", ""(state plug_waterproof plug_waterproof_state_0)""]","[""(state plug_waterproof plug_waterproof_state_1)""]","[""(state plug_waterproof plug_waterproof_state_0)""]",(localize RobS plug_waterproof socket_waterproof),assembly,,
plan_use_case_1,69,uc1_action_069,task_13_step_2,task_13,goal_connector,grasp,RobS,plug_waterproof,socket_waterproof,"[""cap_pick""]",519,5,524,uc1_action_068,task_13_step_1,plug_waterproof_state_1,localized,plug_waterproof_state_2,grasped,"[""(available RobS)"", ""(reachable RobS plug_waterproof)"", ""(assigned RobS goal_assemble)"", ""(not-paused RobS)"", ""(state plug_waterproof plug_waterproof_state_1)""]","[""(state plug_waterproof plug_waterproof_state_2)""]","[""(state plug_waterproof plug_waterproof_state_1)""]",(grasp RobS plug_waterproof socket_waterproof),assembly,,
plan_use_case_1,70,uc1_action_070,task_13_step_3,task_13,goal_connector,align,RobS,plug_waterproof,socket_waterproof,"[""cap_reach""]",524,8,532,uc1_action_069,task_13_step_2,plug_waterproof_state_2,grasped,plug_waterproof_state_3,aligned,"[""(available RobS)"", ""(reachable RobS plug_waterproof)"", ""(assigned RobS goal_assemble)"", ""(not-paused RobS)"", ""(state plug_waterproof plug_waterproof_state_2)""]","[""(state plug_waterproof plug_waterproof_state_3)""]","[""(state plug_waterproof plug_waterproof_state_2)""]",(align RobS plug_waterproof socket_waterproof),assembly,,
plan_use_case_1,71,uc1_action_071,task_13_step_4,task_13,goal_connector,mate_connector,RobS,plug_waterproof,socket_waterproof,"[""cap_press""]",532,22,554,uc1_action_070,task_13_step_3,plug_waterproof_state_3,aligned,plug_waterproof_state_4,engaged,"[""(available RobS)"", ""(reachable RobS plug_waterproof)"", ""(assigned RobS goal_assemble)"", ""(not-paused RobS)"", ""(state plug_waterproof plug_waterproof_state_3)""]","[""(state plug_waterproof plug_waterproof_state_4)""]","[""(state plug_waterproof plug_waterproof_state_3)""]",(mate_connector RobS plug_waterproof socket_waterproof),assembly,,
plan_use_case_1,72,uc1_action_072,task_13_step_5,task_13,goal_connector,release_verify,RobS,plug_waterproof,socket_waterproof,"[""cap_place"", ""cap_vision""]",554,4,558,uc1_action_071,task_13_step_4,plug_waterproof_state_4,engaged,plug_waterproof_state_5,verified,"[""(available RobS)"", ""(reachable RobS plug_waterproof)"", ""(assigned RobS goal_assemble)"", ""(not-paused RobS)"", ""(state plug_waterproof plug_waterproof_state_4)""]","[""(state plug_waterproof plug_waterproof_state_5)""]","[""(state plug_waterproof plug_waterproof_state_4)""]",(release_verify RobS plug_waterproof socket_waterproof),assembly,,
plan_use_case_1,73,uc1_action_073,task_14_step_1,task_14,goal_connector,localize,RobS,plug_dsub,socket_dsub,"[""cap_vision""]",558,3,561,uc1_action_072,,plug_dsub_state_0,available,plug_dsub_state_1,localized,"[""(available RobS)"", ""(reachable RobS plug_dsub)"", ""(assigned RobS goal_assemble)"", ""(not-paused RobS)"", ""(state plug_dsub plug_dsub_state_0)""]","[""(state plug_dsub plug_dsub_state_1)""]","[""(state plug_dsub plug_dsub_state_0)""]",(localize RobS plug_dsub socket_dsub),assembly,,
plan_use_case_1,74,uc1_action_074,task_14_step_2,task_14,goal_connector,grasp,RobS,plug_dsub,socket_dsub,"[""cap_pick""]",561,5,566,uc1_action_073,task_14_step_1,plug_dsub_state_1,localized,plug_dsub_state_2,grasped,"[""(available RobS)"", ""(reachable RobS plug_dsub)"", ""(assigned RobS goal_assemble)"", ""(not-paused RobS)"", ""(state plug_dsub plug_dsub_state_1)""]","[""(state plug_dsub plug_dsub_state_2)""]","[""(state plug_dsub plug_dsub_state_1)""]",(grasp RobS plug_dsub socket_dsub),assembly,,
plan_use_case_1,75,uc1_action_075,task_14_step_3,task_14,goal_connector,align,RobS,plug_dsub,socket_dsub,"[""cap_reach""]",566,8,574,uc1_action_074,task_14_step_2,plug_dsub_state_2,grasped,plug_dsub_state_3,aligned,"[""(available RobS)"", ""(reachable RobS plug_dsub)"", ""(assigned RobS goal_assemble)"", ""(not-paused RobS)"", ""(state plug_dsub plug_dsub_state_2)""]","[""(state plug_dsub plug_dsub_state_3)""]","[""(state plug_dsub plug_dsub_state_2)""]",(align RobS plug_dsub socket_dsub),assembly,,
plan_use_case_1,76,uc1_action_076,task_14_step_4,task_14,goal_connector,mate_connector,RobS,plug_dsub,socket_dsub,"[""cap_press""]",574,20,594,uc1_action_075,task_14_step_3,plug_dsub_state_3,aligned,plug_dsub_state_4,engaged,"[""(available RobS)"", ""(reachable RobS plug_dsub)"", ""(assigned RobS goal_assemble)"", ""(not-paused RobS)"", ""(state plug_dsub plug_dsub_state_3)""]","[""(state plug_dsub plug_dsub_state_4)""]","[""(state plug_dsub plug_dsub_state_3)""]",(mate_connector RobS plug_dsub socket_dsub),assembly,,
plan_use_case_1,77,uc1_action_077,task_14_step_5,task_14,goal_connector,release_verify,RobS,plug_dsub,socket_dsub,"[""cap_place"", ""cap_vision""]",594,4,598,uc1_action_076,task_14_step_4,plug_dsub_state_4,engaged,plug_dsub_state_5,verified,"[""(available RobS)"", ""(reachable RobS plug_dsub)"", ""(assigned RobS goal_assemble)"", ""(not-paused RobS)"", ""(state plug_dsub plug_dsub_state_4)""]","[""(state plug_dsub plug_dsub_state_5)""]","[""(state plug_dsub plug_dsub_state_4)""]",(release_verify RobS plug_dsub socket_dsub),assembly,,
plan_use_case_1,78,uc1_action_078,task_15_step_1,task_15,goal_connector,localize,RobS,plug_usb,socket_usb,"[""cap_vision""]",598,3,601,uc1_action_077,,plug_usb_state_0,available,plug_usb_state_1,localized,"[""(available RobS)"", ""(reachable RobS plug_usb)"", ""(assigned RobS goal_assemble)"", ""(not-paused RobS)"", ""(state plug_usb plug_usb_state_0)""]","[""(state plug_usb plug_usb_state_1)""]","[""(state plug_usb plug_usb_state_0)""]",(localize RobS plug_usb socket_usb),assembly,,
plan_use_case_1,79,uc1_action_079,task_15_step_2,task_15,goal_connector,grasp,RobS,plug_usb,socket_usb,"[""cap_pick""]",601,5,606,uc1_action_078,task_15_step_1,plug_usb_state_1,localized,plug_usb_state_2,grasped,"[""(available RobS)"", ""(reachable RobS plug_usb)"", ""(assigned RobS goal_assemble)"", ""(not-paused RobS)"", ""(state plug_usb plug_usb_state_1)""]","[""(state plug_usb plug_usb_state_2)""]","[""(state plug_usb plug_usb_state_1)""]",(grasp RobS plug_usb socket_usb),assembly,,
plan_use_case_1,80,uc1_action_080,task_15_step_3,task_15,goal_connector,align,RobS,plug_usb,socket_usb,"[""cap_reach""]",606,8,614,uc1_action_079,task_15_step_2,plug_usb_state_2,grasped,plug_usb_state_3,aligned,"[""(available RobS)"", ""(reachable RobS plug_usb)"", ""(assigned RobS goal_assemble)"", ""(not-paused RobS)"", ""(state plug_usb plug_usb_state_2)""]","[""(state plug_usb plug_usb_state_3)""]","[""(state plug_usb plug_usb_state_2)""]",(align RobS plug_usb socket_usb),assembly,,
plan_use_case_1,81,uc1_action_081,task_15_step_4,task_15,goal_connector,mate_connector,RobS,plug_usb,socket_usb,"[""cap_press""]",614,10,624,uc1_action_080,task_15_step_3,plug_usb_state_3,aligned,plug_usb_state_4,engaged,"[""(available RobS)"", ""(reachable RobS plug_usb)"", ""(assigned RobS goal_assemble)"", ""(not-paused RobS)"", ""(state plug_usb plug_usb_state_3)""]","[""(state plug_usb plug_usb_state_4)""]","[""(state plug_usb plug_usb_state_3)""]",(mate_connector RobS plug_usb socket_usb),assembly,,
plan_use_case_1,82,uc1_action_082,task_15_step_5,task_15,goal_connector,release_verify,RobS,plug_usb,socket_usb,"[""cap_place"", ""cap_vision""]",624,4,628,uc1_action_081,task_15_step_4,plug_usb_state_4,engaged,plug_usb_state_5,verified,"[""(available RobS)"", ""(reachable RobS plug_usb)"", ""(assigned RobS goal_assemble)"", ""(not-paused RobS)"", ""(state plug_usb plug_usb_state_4)""]","[""(state plug_usb plug_usb_state_5)""]","[""(state plug_usb plug_usb_state_4)""]",(release_verify RobS plug_usb socket_usb),assembly,,
plan_use_case_1,83,uc1_action_083,task_16_step_1,task_16,goal_connector,localize,RobS,plug_rj45,socket_rj45,"[""cap_vision""]",628,3,631,uc1_action_082,,plug_rj45_state_0,available,plug_rj45_state_1,localized,"[""(available RobS)"", ""(reachable RobS plug_rj45)"", ""(assigned RobS goal_assemble)"", ""(not-paused RobS)"", ""(state plug_rj45 plug_rj45_state_0)""]","[""(state plug_rj45 plug_rj45_state_1)""]","[""(state plug_rj45 plug_rj45_state_0)""]",(localize RobS plug_rj45 socket_rj45),assembly,,
plan_use_case_1,84,uc1_action_084,task_16_step_2,task_16,goal_connector,grasp,RobS,plug_rj45,socket_rj45,"[""cap_pick""]",631,5,636,uc1_action_083,task_16_step_1,plug_rj45_state_1,localized,plug_rj45_state_2,grasped,"[""(available RobS)"", ""(reachable RobS plug_rj45)"", ""(assigned RobS goal_assemble)"", ""(not-paused RobS)"", ""(state plug_rj45 plug_rj45_state_1)""]","[""(state plug_rj45 plug_rj45_state_2)""]","[""(state plug_rj45 plug_rj45_state_1)""]",(grasp RobS plug_rj45 socket_rj45),assembly,,
plan_use_case_1,85,uc1_action_085,task_16_step_3,task_16,goal_connector,align,RobS,plug_rj45,socket_rj45,"[""cap_reach""]",636,8,644,uc1_action_084,task_16_step_2,plug_rj45_state_2,grasped,plug_rj45_state_3,aligned,"[""(available RobS)"", ""(reachable RobS plug_rj45)"", ""(assigned RobS goal_assemble)"", ""(not-paused RobS)"", ""(state plug_rj45 plug_rj45_state_2)""]","[""(state plug_rj45 plug_rj45_state_3)""]","[""(state plug_rj45 plug_rj45_state_2)""]",(align RobS plug_rj45 socket_rj45),assembly,,
plan_use_case_1,86,uc1_action_086,task_16_step_4,task_16,goal_connector,mate_connector,RobS,plug_rj45,socket_rj45,"[""cap_press""]",644,12,656,uc1_action_085,task_16_step_3,plug_rj45_state_3,aligned,plug_rj45_state_4,engaged,"[""(available RobS)"", ""(reachable RobS plug_rj45)"", ""(assigned RobS goal_assemble)"", ""(not-paused RobS)"", ""(state plug_rj45 plug_rj45_state_3)""]","[""(state plug_rj45 plug_rj45_state_4)""]","[""(state plug_rj45 plug_rj45_state_3)""]",(mate_connector RobS plug_rj45 socket_rj45),assembly,,
plan_use_case_1,87,uc1_action_087,task_16_step_5,task_16,goal_connector,release_verify,RobS,plug_rj45,socket_rj45,"[""cap_place"", ""cap_vision""]",656,4,660,uc1_action_086,task_16_step_4,plug_rj45_state_4,engaged,plug_rj45_state_5,verified,"[""(available RobS)"", ""(reachable RobS plug_rj45)"", ""(assigned RobS goal_assemble)"", ""(not-paused RobS)"", ""(state plug_rj45 plug_rj45_state_4)""]","[""(state plug_rj45 plug_rj45_state_5)""]","[""(state plug_rj45 plug_rj45_state_4)""]",(release_verify RobS plug_rj45 socket_rj45),assembly,,
plan_use_case_1,88,uc1_action_088,task_17_step_1,task_17,goal_nut,localize,RobS,nut_m4,bolt_m4,"[""cap_vision""]",660,3,663,uc1_action_087,,nut_m4_state_0,available,nut_m4_state_1,localized,"[""(available RobS)"", ""(reachable RobS nut_m4)"", ""(assigned RobS goal_assemble)"", ""(not-paused RobS)"", ""(state nut_m4 nut_m4_state_0)""]","[""(state nut_m4 nut_m4_state_1)""]","[""(state nut_m4 nut_m4_state_0)""]",(localize RobS nut_m4 bolt_m4),assembly,,
plan_use_case_1,89,uc1_action_089,task_17_step_2,task_17,goal_nut,grasp,RobS,nut_m4,bolt_m4,"[""cap_pick""]",663,5,668,uc1_action_088,task_17_step_1,nut_m4_state_1,localized,nut_m4_state_2,grasped,"[""(available RobS)"", ""(reachable RobS nut_m4)"", ""(assigned RobS goal_assemble)"", ""(not-paused RobS)"", ""(state nut_m4 nut_m4_state_1)""]","[""(state nut_m4 nut_m4_state_2)""]","[""(state nut_m4 nut_m4_state_1)""]",(grasp RobS nut_m4 bolt_m4),assembly,,
plan_use_case_1,90,uc1_action_090,task_17_step_3,task_17,goal_nut,align,RobS,nut_m4,bolt_m4,"[""cap_reach""]",668,8,676,uc1_action_089,task_17_step_2,nut_m4_state_2,grasped,nut_m4_state_3,aligned,"[""(available RobS)"", ""(reachable RobS nut_m4)"", ""(assigned RobS goal_assemble)"", ""(not-paused RobS)"", ""(state nut_m4 nut_m4_state_2)""]","[""(state nut_m4 nut_m4_state_3)""]","[""(state nut_m4 nut_m4_state_2)""]",(align RobS nut_m4 bolt_m4),assembly,,
plan_use_case_1,91,uc1_action_091,task_17_step_4,task_17,goal_nut,thread_nut,RobS,nut_m4,bolt_m4,"[""cap_rotate""]",676,25,701,uc1_action_090,task_17_step_3,nut_m4_state_3,aligned,nut_m4_state_4,engaged,"[""(available RobS)"", ""(reachable RobS nut_m4)"", ""(assigned RobS goal_assemble)"", ""(not-paused RobS)"", ""(state nut_m4 nut_m4_state_3)""]","[""(state nut_m4 nut_m4_state_4)""]","[""(state nut_m4 nut_m4_state_3)""]",(thread_nut RobS nut_m4 bolt_m4),assembly,,
plan_use_case_1,92,uc1_action_092,task_17_step_5,task_17,goal_nut,release_verify,RobS,nut_m4,bolt_m4,"[""cap_place"", ""cap_vision""]",701,4,705,uc1_action_091,task_17_step_4,nut_m4_state_4,engaged,nut_m4_state_5,verified,"[""(available RobS)"", ""(reachable RobS nut_m4)"", ""(assigned RobS goal_assemble)"", ""(not-paused RobS)"", ""(state nut_m4 nut_m4_state_4)""]","[""(state nut_m4 nut_m4_state_5)""]","[""(state nut_m4 nut_m4_state_4)""]",(release_verify RobS nut_m4 bolt_m4),assembly,,
plan_use_case_1,93,uc1_action_093,task_18_step_1,task_18,goal_nut,localize,RobS,nut_m8,bolt_m8,"[""cap_vision""]",705,3,708,uc1_action_092,,nut_m8_state_0,available,nut_m8_state_1,localized,"[""(available RobS)"", ""(reachable RobS nut_m8)"", ""(assigned RobS goal_assemble)"", ""(not-paused RobS)"", ""(state nut_m8 nut_m8_state_0)""]","[""(state nut_m8 nut_m8_state_1)""]","[""(state nut_m8 nut_m8_state_0)""]",(localize RobS nut_m8 bolt_m8),assembly,,
plan_use_case_1,94,uc1_action_094,task_18_step_2,task_18,goal_nut,grasp,RobS,nut_m8,bolt_m8,"[""cap_pick""]",708,5,713,uc1_action_093,task_18_step_1,nut_m8_state_1,localized,nut_m8_state_2,grasped,"[""(available RobS)"", ""(reachable RobS nut_m8)"", ""(assigned RobS goal_assemble)"", ""(not-paused RobS)"", ""(state nut_m8 nut_m8_state_1)""]","[""(state nut_m8 nut_m8_state_2)""]","[""(state nut_m8 nut_m8_state_1)""]",(grasp RobS nut_m8 bolt_m8),assembly,,
plan_use_case_1,95,uc1_action_095,task_18_step_3,task_18,goal_nut,align,RobS,nut_m8,bolt_m8,"[""cap_reach""]",713,8,721,uc1_action_094,task_18_step_2,nut_m8_state_2,grasped,nut_m8_state_3,aligned,"[""(available RobS)"", ""(reachable RobS nut_m8)"", ""(assigned RobS goal_assemble)"", ""(not-paused RobS)"", ""(state nut_m8 nut_m8_state_2)""]","[""(state nut_m8 nut_m8_state_3)""]","[""(state nut_m8 nut_m8_state_2)""]",(align RobS nut_m8 bolt_m8),assembly,,
plan_use_case_1,96,uc1_action_096,task_18_step_4,task_18,goal_nut,thread_nut,RobS,nut_m8,bolt_m8,"[""cap_rotate""]",721,30,751,uc1_action_095,task_18_step_3,nut_m8_state_3,aligned,nut_m8_state_4,engaged,"[""(available RobS)"", ""(reachable RobS nut_m8)"", ""(assigned RobS goal_assemble)"", ""(not-paused RobS)"", ""(state nut_m8 nut_m8_state_3)""]","[""(state nut_m8 nut_m8_state_4)""]","[""(state nut_m8 nut_m8_state_3)""]",(thread_nut RobS nut_m8 bolt_m8),assembly,,
plan_use_case_1,97,uc1_action_097,task_18_step_5,task_18,goal_nut,release_verify,RobS,nut_m8,bolt_m8,"[""cap_place"", ""cap_vision""]",751,4,755,uc1_action_096,task_18_step_4,nut_m8_state_4,engaged,nut_m8_state_5,verified,"[""(available RobS)"", ""(reachable RobS nut_m8)"", ""(assigned RobS goal_assemble)"", ""(not-paused RobS)"", ""(state nut_m8 nut_m8_state_4)""]","[""(state nut_m8 nut_m8_state_5)""]","[""(state nut_m8 nut_m8_state_4)""]",(release_verify RobS nut_m8 bolt_m8),assembly,,
plan_use_case_1,98,uc1_action_098,task_19_step_1,task_19,goal_nut,localize,RobS,nut_m12,bolt_m12,"[""cap_vision""]",755,3,758,uc1_action_097,,nut_m12_state_0,available,nut_m12_state_1,localized,"[""(available RobS)"", ""(reachable RobS nut_m12)"", ""(assigned RobS goal_assemble)"", ""(not-paused RobS)"", ""(state nut_m12 nut_m12_state_0)""]","[""(state nut_m12 nut_m12_state_1)""]","[""(state nut_m12 nut_m12_state_0)""]",(localize RobS nut_m12 bolt_m12),assembly,,
plan_use_case_1,99,uc1_action_099,task_19_step_2,task_19,goal_nut,grasp,RobS,nut_m12,bolt_m12,"[""cap_pick""]",758,5,763,uc1_action_098,task_19_step_1,nut_m12_state_1,localized,nut_m12_state_2,grasped,"[""(available RobS)"", ""(reachable RobS nut_m12)"", ""(assigned RobS goal_assemble)"", ""(not-paused RobS)"", ""(state nut_m12 nut_m12_state_1)""]","[""(state nut_m12 nut_m12_state_2)""]","[""(state nut_m12 nut_m12_state_1)""]",(grasp RobS nut_m12 bolt_m12),assembly,,
plan_use_case_1,100,uc1_action_100,task_19_step_3,task_19,goal_nut,align,RobS,nut_m12,bolt_m12,"[""cap_reach""]",763,8,771,uc1_action_099,task_19_step_2,nut_m12_state_2,grasped,nut_m12_state_3,aligned,"[""(available RobS)"", ""(reachable RobS nut_m12)"", ""(assigned RobS goal_assemble)"", ""(not-paused RobS)"", ""(state nut_m12 nut_m12_state_2)""]","[""(state nut_m12 nut_m12_state_3)""]","[""(state nut_m12 nut_m12_state_2)""]",(align RobS nut_m12 bolt_m12),assembly,,
plan_use_case_1,101,uc1_action_101,task_19_step_4,task_19,goal_nut,thread_nut,RobS,nut_m12,bolt_m12,"[""cap_rotate""]",771,35,806,uc1_action_100,task_19_step_3,nut_m12_state_3,aligned,nut_m12_state_4,engaged,"[""(available RobS)"", ""(reachable RobS nut_m12)"", ""(assigned RobS goal_assemble)"", ""(not-paused RobS)"", ""(state nut_m12 nut_m12_state_3)""]","[""(state nut_m12 nut_m12_state_4)""]","[""(state nut_m12 nut_m12_state_3)""]",(thread_nut RobS nut_m12 bolt_m12),assembly,,
plan_use_case_1,102,uc1_action_102,task_19_step_5,task_19,goal_nut,release_verify,RobS,nut_m12,bolt_m12,"[""cap_place"", ""cap_vision""]",806,4,810,uc1_action_101,task_19_step_4,nut_m12_state_4,engaged,nut_m12_state_5,verified,"[""(available RobS)"", ""(reachable RobS nut_m12)"", ""(assigned RobS goal_assemble)"", ""(not-paused RobS)"", ""(state nut_m12 nut_m12_state_4)""]","[""(state nut_m12 nut_m12_state_5)""]","[""(state nut_m12 nut_m12_state_4)""]",(release_verify RobS nut_m12 bolt_m12),assembly,,
plan_use_case_1,103,uc1_action_103,task_20_step_1,task_20,goal_nut,localize,RobS,nut_m16,bolt_m16,"[""cap_vision""]",810,3,813,uc1_action_102,,nut_m16_state_0,available,nut_m16_state_1,localized,"[""(available RobS)"", ""(reachable RobS nut_m16)"", ""(assigned RobS goal_assemble)"", ""(not-paused RobS)"", ""(state nut_m16 nut_m16_state_0)""]","[""(state nut_m16 nut_m16_state_1)""]","[""(state nut_m16 nut_m16_state_0)""]",(localize RobS nut_m16 bolt_m16),assembly,,
plan_use_case_1,104,uc1_action_104,task_20_step_2,task_20,goal_nut,grasp,RobS,nut_m16,bolt_m16,"[""cap_pick""]",813,5,818,uc1_action_103,task_20_step_1,nut_m16_state_1,localized,nut_m16_state_2,grasped,"[""(available RobS)"", ""(reachable RobS nut_m16)"", ""(assigned RobS goal_assemble)"", ""(not-paused RobS)"", ""(state nut_m16 nut_m16_state_1)""]","[""(state nut_m16 nut_m16_state_2)""]","[""(state nut_m16 nut_m16_state_1)""]",(grasp RobS nut_m16 bolt_m16),assembly,,
plan_use_case_1,105,uc1_action_105,task_20_step_3,task_20,goal_nut,align,RobS,nut_m16,bolt_m16,"[""cap_reach""]",818,8,826,uc1_action_104,task_20_step_2,nut_m16_state_2,grasped,nut_m16_state_3,aligned,"[""(available RobS)"", ""(reachable RobS nut_m16)"", ""(assigned RobS goal_assemble)"", ""(not-paused RobS)"", ""(state nut_m16 nut_m16_state_2)""]","[""(state nut_m16 nut_m16_state_3)""]","[""(state nut_m16 nut_m16_state_2)""]",(align RobS nut_m16 bolt_m16),assembly,,
plan_use_case_1,106,uc1_action_106,task_20_step_4,task_20,goal_nut,thread_nut,RobS,nut_m16,bolt_m16,"[""cap_rotate""]",826,40,866,uc1_action_105,task_20_step_3,nut_m16_state_3,aligned,nut_m16_state_4,engaged,"[""(available RobS)"", ""(reachable RobS nut_m16)"", ""(assigned RobS goal_assemble)"", ""(not-paused RobS)"", ""(state nut_m16 nut_m16_state_3)""]","[""(state nut_m16 nut_m16_state_4)""]","[""(state nut_m16 nut_m16_state_3)""]",(thread_nut RobS nut_m16 bolt_m16),assembly,,
plan_use_case_1,107,uc1_action_107,task_20_step_5,task_20,goal_nut,release_verify,RobS,nut_m16,bolt_m16,"[""cap_place"", ""cap_vision""]",866,4,870,uc1_action_106,task_20_step_4,nut_m16_state_4,engaged,nut_m16_state_5,verified,"[""(available RobS)"", ""(reachable RobS nut_m16)"", ""(assigned RobS goal_assemble)"", ""(not-paused RobS)"", ""(state nut_m16 nut_m16_state_4)""]","[""(state nut_m16 nut_m16_state_5)""]","[""(state nut_m16 nut_m16_state_4)""]",(release_verify RobS nut_m16 bolt_m16),assembly,,
