holder_id,capability_id
RobM,requirementClose
RobM,requirementDistance
RobM,requirementNavigate
RobM,requirementOpen
RobM,requirementPick
RobM,requirementPlace
RobM,requirementPress
RobM,requirementPull
RobM,requirementPush
RobM,requirementReach
RobM,requirementRotate
RobM,requirementVision
RobS,requirementClose
RobS,requirementDistance
RobS,requirementOpen
RobS,requirementPick
RobS,requirementPlace
RobS,requirementPress
RobS,requirementPull
RobS,requirementPush
RobS,requirementReach
RobS,requirementRotate
RobS,requirementVision
hardware_573834234ADSF,requirementPress
hardware_573834234ADSF,requirementPull
hardware_573834234ADSF,requirementPush
hardware_573834234ADSF,requirementReach
hardware_573834234ADSF,requirementRotate
hardware_89897624JKJL,requirementPress
hardware_89897624JKJL,requirementPull
hardware_89897624JKJL,requirementPush
hardware_89897624JKJL,requirementReach
hardware_89897624JKJL,requirementRotate
hardware_JHF-3434-FDAF,requirementNavigate
hardware_JHF-3434-FDAF,requirementPress
hardware_JHF-3434-FDAF,requirementPush
hardware_JHF-3434-FDAF,requirementRotate
hardware_NVB68712F3,requirementPress
hardware_NVB68712F3,requirementPull
hardware_NVB68712F3,requirementPush
hardware_NVB68712F3,requirementReach
hardware_NVB68712F3,requirementRotate
hardware_NVB6873432,requirementPress
hardware_NVB6873432,requirementPull
hardware_NVB6873432,requirementPush
hardware_NVB6873432,requirementReach
hardware_NVB6873432,requirementRotate
