id,component_id,kind_id,label,value,unit_id
dimension_round_peg_4_diameter_mm,round_peg_4,diameter_mm,diameter mm,4,millimetre
dimension_round_peg_4_length_mm,round_peg_4,length_mm,length mm,50,millimetre
dimension_round_peg_4_target_hole_diameter_mm,round_peg_4,target_hole_diameter_mm,target hole diameter mm,4.1,millimetre
dimension_round_peg_4_nominal_diametral_clearance_mm,round_peg_4,nominal_diametral_clearance_mm,nominal diametral clearance mm,0.1,millimetre
dimension_round_peg_8_diameter_mm,round_peg_8,diameter_mm,diameter mm,8,millimetre
dimension_round_peg_8_length_mm,round_peg_8,length_mm,length mm,50,millimetre
dimension_round_peg_8_target_hole_diameter_mm,round_peg_8,target_hole_diameter_mm,target hole diameter mm,8.1,millimetre
dimension_round_peg_8_nominal_diametral_clearance_mm,round_peg_8,nominal_diametral_clearance_mm,nominal diametral clearance mm,0.1,millimetre
dimension_round_peg_12_diameter_mm,round_peg_12,diameter_mm,diameter mm,12,millimetre
dimension_round_peg_12_length_mm,round_peg_12,length_mm,length mm,50,millimetre
dimension_round_peg_12_target_hole_diameter_mm,round_peg_12,target_hole_diameter_mm,target hole diameter mm,12.2,millimetre
dimension_round_peg_12_nominal_diametral_clearance_mm,round_peg_12,nominal_diametral_clearance_mm,nominal diametral clearance mm,0.2,millimetre
dimension_round_peg_16_diameter_mm,round_peg_16,diameter_mm,diameter mm,16,millimetre
dimension_round_peg_16_length_mm,round_peg_16,length_mm,length mm,50,millimetre
dimension_round_peg_16_target_hole_diameter_mm,round_peg_16,target_hole_diameter_mm,target hole diameter mm,16.5,millimetre
dimension_round_peg_16_nominal_diametral_clearance_mm,round_peg_16,nominal_diametral_clearance_mm,nominal diametral clearance mm,0.5,millimetre
dimension_rect_peg_4_width_mm,rect_peg_4,width_mm,width mm,4,millimetre
dimension_rect_peg_4_height_mm,rect_peg_4,height_mm,height mm,4,millimetre
dimension_rect_peg_4_length_mm,rect_peg_4,length_mm,length mm,50,millimetre
dimension_rect_peg_8_width_mm,rect_peg_8,width_mm,width mm,8,millimetre
dimension_rect_peg_8_height_mm,rect_peg_8,height_mm,height mm,7,millimetre
dimension_rect_peg_8_length_mm,rect_peg_8,length_mm,length mm,50,millimetre
dimension_rect_peg_12_width_mm,rect_peg_12,width_mm,width mm,12,millimetre
dimension_rect_peg_12_height_mm,rect_peg_12,height_mm,height mm,8,millimetre
dimension_rect_peg_12_length_mm,rect_peg_12,length_mm,length mm,50,millimetre
dimension_rect_peg_16_width_mm,rect_peg_16,width_mm,width mm,16,millimetre
dimension_rect_peg_16_height_mm,rect_peg_16,height_mm,height mm,10,millimetre
dimension_rect_peg_16_length_mm,rect_peg_16,length_mm,length mm,50,millimetre
dimension_bolt_m4_bolt_length_mm,bolt_m4,bolt_length_mm,bolt length mm,16,millimetre
dimension_bolt_m8_bolt_length_mm,bolt_m8,bolt_length_mm,bolt length mm,18,millimetre
dimension_bolt_m12_bolt_length_mm,bolt_m12,bolt_length_mm,bolt length mm,20,millimetre
dimension_bolt_m16_bolt_length_mm,bolt_m16,bolt_length_mm,bolt length mm,25,millimetre
dimension_nut_m4_bolt_length_mm,bolt_m4,bolt_length_mm,bolt length mm,16,millimetre
dimension_nut_m8_bolt_length_mm,bolt_m8,bolt_length_mm,bolt length mm,18,millimetre
dimension_nut_m12_bolt_length_mm,bolt_m12,bolt_length_mm,bolt length mm,20,millimetre
dimension_nut_m16_bolt_length_mm,bolt_m16,bolt_length_mm,bolt length mm,25,millimetre
dimension_bolt_m3_16_bolt_length_mm,bolt_m3_16,bolt_length_mm,bolt length mm,16,millimetre
dimension_bolt_m3_35_bolt_length_mm,bolt_m3_35,bolt_length_mm,bolt length mm,35,millimetre
dimension_bolt_m6_25_bolt_length_mm,bolt_m6_25,bolt_length_mm,bolt length mm,25,millimetre
