id,feature_id,description
geometry_round_peg_4,shape_round_peg_4,diameter_mm: 4 millimetre; length_mm: 50 millimetre
geometry_round_hole_4,round_hole_4,Nominal fit with round_peg_4; actual clearance requires measurement; Specified drill-bit diameter: 4.1 millimetre; Nominal diametral clearance: 0.1 millimetre; Hole diameter is specified drill-bit size; actual clearance requires measurement.
geometry_round_peg_8,shape_round_peg_8,diameter_mm: 8 millimetre; length_mm: 50 millimetre
geometry_round_hole_8,round_hole_8,Nominal fit with round_peg_8; actual clearance requires measurement; Specified drill-bit diameter: 8.1 millimetre; Nominal diametral clearance: 0.1 millimetre; Hole diameter is specified drill-bit size; actual clearance requires measurement.
geometry_round_peg_12,shape_round_peg_12,diameter_mm: 12 millimetre; length_mm: 50 millimetre
geometry_round_hole_12,round_hole_12,Nominal fit with round_peg_12; actual clearance requires measurement; Specified drill-bit diameter: 12.2 millimetre; Nominal diametral clearance: 0.2 millimetre; Hole diameter is specified drill-bit size; actual clearance requires measurement.
geometry_round_peg_16,shape_round_peg_16,diameter_mm: 16 millimetre; length_mm: 50 millimetre
geometry_round_hole_16,round_hole_16,Nominal fit with round_peg_16; actual clearance requires measurement; Specified drill-bit diameter: 16.5 millimetre; Nominal diametral clearance: 0.5 millimetre; Hole diameter is specified drill-bit size; actual clearance requires measurement.
geometry_rect_peg_4,shape_rect_peg_4,width_mm: 4 millimetre; height_mm: 4 millimetre; length_mm: 50 millimetre; Rectangular pegs cut from 300 mm stock; hole dimensions not specified here. Chamfers optional.
geometry_rect_peg_8,shape_rect_peg_8,width_mm: 8 millimetre; height_mm: 7 millimetre; length_mm: 50 millimetre; Rectangular pegs cut from 300 mm stock; hole dimensions not specified here. Chamfers optional.
geometry_rect_peg_12,shape_rect_peg_12,width_mm: 12 millimetre; height_mm: 8 millimetre; length_mm: 50 millimetre; Rectangular pegs cut from 300 mm stock; hole dimensions not specified here. Chamfers optional.
geometry_rect_peg_16,shape_rect_peg_16,width_mm: 16 millimetre; height_mm: 10 millimetre; length_mm: 50 millimetre; Rectangular pegs cut from 300 mm stock; hole dimensions not specified here. Chamfers optional.
geometry_bolt_m4,shape_bolt_m4,bolt_length_mm: 16 millimetre; Thread designation: M4; Nominal bolt length and thread designation from the attached fabrication BOM; other measurements unspecified.
geometry_bolt_m8,shape_bolt_m8,bolt_length_mm: 18 millimetre; Thread designation: M8; Nominal bolt length and thread designation from the attached fabrication BOM; other measurements unspecified.
geometry_bolt_m12,shape_bolt_m12,bolt_length_mm: 20 millimetre; Thread designation: M12; Nominal bolt length and thread designation from the attached fabrication BOM; other measurements unspecified.
geometry_bolt_m16,shape_bolt_m16,bolt_length_mm: 25 millimetre; Thread designation: M16; Nominal bolt length and thread designation from the attached fabrication BOM; other measurements unspecified.
geometry_bolt_m3_16,shape_bolt_m3_16,bolt_length_mm: 16 millimetre; Thread designation: M3; Nominal bolt length and thread designation from the attached fabrication BOM; other measurements unspecified.
geometry_bolt_m3_35,shape_bolt_m3_35,bolt_length_mm: 35 millimetre; Thread designation: M3; Nominal bolt length and thread designation from the attached fabrication BOM; other measurements unspecified.
geometry_bolt_m6_25,shape_bolt_m6_25,bolt_length_mm: 25 millimetre; Thread designation: M6; Nominal bolt length and thread designation from the attached fabrication BOM; other measurements unspecified.
