id,parent_id,label,instruction,success_condition
goal_assemble,,Assemble NIST Task Board 1,,
goal_connector,goal_assemble,Connector assembly,,
goal_gear,goal_assemble,Gear assembly,,
goal_nut,goal_assemble,Nut assembly,,
goal_peg,goal_assemble,Peg assembly,,
goal_recovery,goal_assemble,Recover displaced component,,
task_01,goal_peg,Round peg 4 mm assembly,Insert and seat peg,Peg is engaged in matching hole and fully seated
task_02,goal_peg,Round peg 8 mm assembly,Insert and seat peg,Peg is engaged in matching hole and fully seated
task_03,goal_peg,Round peg 12 mm assembly,Insert and seat peg,Peg is engaged in matching hole and fully seated
task_04,goal_peg,Round peg 16 mm assembly,Insert and seat peg,Peg is engaged in matching hole and fully seated
task_05,goal_peg,Rectangular peg 4 x 4 mm assembly,"Align rectangular profile, insert and seat peg",Peg is engaged in matching rectangular hole and fully seated
task_06,goal_peg,Rectangular peg 8 x 7 mm assembly,"Align rectangular profile, insert and seat peg",Peg is engaged in matching rectangular hole and fully seated
task_07,goal_peg,Rectangular peg 12 x 8 mm assembly,"Align rectangular profile, insert and seat peg",Peg is engaged in matching rectangular hole and fully seated
task_08,goal_peg,Rectangular peg 16 x 10 mm assembly,"Align rectangular profile, insert and seat peg",Peg is engaged in matching rectangular hole and fully seated
task_09,goal_gear,Small gear assembly,"Align bore with shaft, seat gear and verify final gear engagement",Gear is seated on shaft; verify meshing of the completed gear train
task_10,goal_gear,Medium gear assembly,"Align bore with shaft, seat gear and verify final gear engagement",Gear is seated on shaft; verify meshing of the completed gear train
task_11,goal_gear,Large gear assembly,"Align bore with shaft, seat gear and verify final gear engagement",Gear is seated on shaft; verify meshing of the completed gear train
task_12,goal_connector,BNC male connector assembly,Align and mate connector; engage its applicable retention mechanism,Connector is engaged and fully seated; applicable lock or latch is engaged
task_13,goal_connector,WATERPROOF male connector assembly,Align and mate connector; engage its applicable retention mechanism,Connector is engaged and fully seated; applicable lock or latch is engaged
task_14,goal_connector,DSUB male connector assembly,Align and mate connector; engage its applicable retention mechanism,Connector is engaged and fully seated; applicable lock or latch is engaged
task_15,goal_connector,USB male connector assembly,Align and mate connector; engage its applicable retention mechanism,Connector is engaged and fully seated; applicable lock or latch is engaged
task_16,goal_connector,RJ45 male connector assembly,Align and mate connector; engage its applicable retention mechanism,Connector is engaged and fully seated; applicable lock or latch is engaged
task_17,goal_nut,M4 nut assembly,"Align nut with bolt, start thread and rotate to seated condition",Nut is threaded correctly and seated; torque is a locally defined parameter
task_18,goal_nut,M8 nut assembly,"Align nut with bolt, start thread and rotate to seated condition",Nut is threaded correctly and seated; torque is a locally defined parameter
task_19,goal_nut,M12 nut assembly,"Align nut with bolt, start thread and rotate to seated condition",Nut is threaded correctly and seated; torque is a locally defined parameter
task_20,goal_nut,M16 nut assembly,"Align nut with bolt, start thread and rotate to seated condition",Nut is threaded correctly and seated; torque is a locally defined parameter
task_recovery,goal_recovery,Recovery work package,,
