ancestor_id,descendant_id
goal_assemble,goal_connector
goal_assemble,goal_gear
goal_assemble,goal_nut
goal_assemble,goal_peg
goal_assemble,goal_recovery
goal_peg,task_01
goal_assemble,task_01
goal_peg,task_02
goal_assemble,task_02
goal_peg,task_03
goal_assemble,task_03
goal_peg,task_04
goal_assemble,task_04
goal_peg,task_05
goal_assemble,task_05
goal_peg,task_06
goal_assemble,task_06
goal_peg,task_07
goal_assemble,task_07
goal_peg,task_08
goal_assemble,task_08
goal_gear,task_09
goal_assemble,task_09
goal_gear,task_10
goal_assemble,task_10
goal_gear,task_11
goal_assemble,task_11
goal_connector,task_12
goal_assemble,task_12
goal_connector,task_13
goal_assemble,task_13
goal_connector,task_14
goal_assemble,task_14
goal_connector,task_15
goal_assemble,task_15
goal_connector,task_16
goal_assemble,task_16
goal_nut,task_17
goal_assemble,task_17
goal_nut,task_18
goal_assemble,task_18
goal_nut,task_19
goal_assemble,task_19
goal_nut,task_20
goal_assemble,task_20
goal_recovery,task_recovery
goal_assemble,task_recovery
