id,serial,name,kind,class_iri,camera,description
hardware_573834234ADSF,573834234ADSF,UR16e,Robot Arm,Agent,None,Type: Robot Arm; Equipped Camera: None; Repeated Positioning Accuracy (±mm): 0.05; Operating Range (mm): 900.00; DoF (Degree of Freedom): 6; Max Payload (Grams): 16000; Weight (Grams): 33100; Min Operating Temperature (Celsius): 0; Max Operating Temperature (Celsius): 50
hardware_89897624JKJL,89897624JKJL,HC20DTP,Robot Arm,Agent,None,Type: Robot Arm; Equipped Camera: None; Repeated Positioning Accuracy (±mm): 0.05; Operating Range (mm): 1900.00; DoF (Degree of Freedom): 6; Max Payload (Grams): 20000; Weight (Grams): 140000; Min Operating Temperature (Celsius): 0; Max Operating Temperature (Celsius): 40
hardware_NVB6873432,NVB6873432,myCobot280PI,Robot Arm,Agent,,Type: Robot Arm; Repeated Positioning Accuracy (±mm): 0.05; Operating Range (mm): 280.00; DoF (Degree of Freedom): 6; Max Payload (Grams): 250; Weight (Grams): 860
hardware_NVB68712F3,NVB68712F3,myCobot280PI,Robot Arm,Agent,,Type: Robot Arm; Repeated Positioning Accuracy (±mm): 0.05; Operating Range (mm): 280.00; DoF (Degree of Freedom): 6; Max Payload (Grams): 250; Weight (Grams): 860
hardware_JHF-3434-FDAF,JHF-3434-FDAF,myAGV2023PI,Mobile Robot,Agent,Yes,Type: Mobile Robot; Equipped Camera: Yes; Speed (km/h): 7; Operating Range (km): 10.5; Max Payload (Grams): 5000; Weight (Grams): 4160
hardware_777777-FDF,777777-FDF,Robotiq 2F-85,Gripper,Object,None,Type: Gripper; Equipped Camera: None; Max Payload (Grams): 5000; Weight (Grams): 900; Max Stroke (mm): 85; Min Grip Force (N): 20; Max Grip Force (N): 235; Form-fit grip payload (Grams): 5; Friction-grip-payload (Grams): 5
hardware_2343YKENFDA,2343YKENFDA,Robotiq 2F-140,Gripper,Object,None,Type: Gripper; Equipped Camera: None; Max Payload (Grams): 2500; Weight (Grams): 1000; Max Stroke (mm): 140; Min Grip Force (N): 10; Max Grip Force (N): 125; Form-fit grip payload (Grams): 2.5; Friction-grip-payload (Grams): 2.5
hardware_4901700342,4901700342,MyCobotFlexibleGripper,Gripper,Object,None,Type: Gripper; Equipped Camera: None; Repeated Positioning Accuracy (±mm): 1; Max Payload (Grams): 100; Weight (Grams): 105; Min Stroke (mm): 0; Max Stroke (mm): 150
hardware_4789134Q-14,4789134Q-14,MyCobotAdaptiveGripper,Gripper,Object,None,Type: Gripper; Equipped Camera: None; Max Payload (Grams): 150; Weight (Grams): 110; Min Stroke (mm): 20; Max Stroke (mm): 45
hardware_SYN-D405-001,SYN-D405-001,RealSense Depth Camera D405,Vision Sensor,Object,,Depth Technology: Stereoscopic; Ideal Depth Min (cm): 7; Ideal Depth Max (cm): 50; Depth FOV H (deg): 87; Depth FOV V (deg): 58; Depth Output Resolution: up to 1280 x 720; Depth Max Frame Rate (fps): 90; RGB Sensor: Left depth imager with ISP; RGB Resolution: 1280 x 720 at 30 fps; RGB FOV H (deg): 87; RGB FOV V (deg): 58; Stereo Sensor: D401 module; Depth Shutter: Global; RGB Shutter: Global; IMU: No; Connection: USB 2 / USB 3.1; Streaming Power: 1.55 W depth and IR streaming; Weight (g): 60; Dimensions (mm): 42 x 42 x 23; Specification Source: https://www.realsenseai.com/products/d405-series/; Notes: Maximum depth resolution and maximum frame rate are mode-dependent and are not asserted as simultaneous.
hardware_SYN-OAKDW-001,SYN-OAKDW-001,Luxonis OAK-D W,Vision Sensor,Object,,Depth Technology: Stereoscopic; Ideal Depth Min (cm): 70; Ideal Depth Max (cm): 1200; Depth FOV H (deg): 127; Depth FOV V (deg): 79.5; Depth FOV D (deg): 150; RGB Sensor: IMX378; RGB Resolution: 12 MP; RGB FOV H (deg): 95; RGB FOV V (deg): 72; RGB FOV D (deg): 120; Stereo Sensor: OV9282; Depth Shutter: Global; RGB Shutter: Rolling; IMU: Yes; IR Dot Projector: No; Connection: USB 2 / USB 3; Streaming Power: 2.5-3 W base plus camera streaming; Specification Source: https://docs.luxonis.com/hardware/products/OAK-D%20W; Notes: Approximate ideal depth range. Standard USB OAK-D W with IMX378 RGB and no IR projector; power excludes optional AI and depth processing loads.
