id,hardware_id,class_iri,label
requirementPush,hardware_573834234ADSF,Push,Push
requirementPull,hardware_573834234ADSF,Pull,Pull
requirementRotate,hardware_573834234ADSF,Rotate,Rotate
requirementReach,hardware_573834234ADSF,Reach,Reach
requirementPress,hardware_573834234ADSF,Press,Press
requirementPush,hardware_89897624JKJL,Push,Push
requirementPull,hardware_89897624JKJL,Pull,Pull
requirementRotate,hardware_89897624JKJL,Rotate,Rotate
requirementReach,hardware_89897624JKJL,Reach,Reach
requirementPress,hardware_89897624JKJL,Press,Press
requirementPush,hardware_NVB6873432,Push,Push
requirementPull,hardware_NVB6873432,Pull,Pull
requirementRotate,hardware_NVB6873432,Rotate,Rotate
requirementReach,hardware_NVB6873432,Reach,Reach
requirementPress,hardware_NVB6873432,Press,Press
requirementPush,hardware_NVB68712F3,Push,Push
requirementPull,hardware_NVB68712F3,Pull,Pull
requirementRotate,hardware_NVB68712F3,Rotate,Rotate
requirementReach,hardware_NVB68712F3,Reach,Reach
requirementPress,hardware_NVB68712F3,Press,Press
requirementNavigate,hardware_JHF-3434-FDAF,Navigate,Navigate
requirementRotate,hardware_JHF-3434-FDAF,Rotate,Rotate
requirementPush,hardware_JHF-3434-FDAF,Push,Push
requirementPress,hardware_JHF-3434-FDAF,Press,Press
requirementOpen,hardware_777777-FDF,Open,Open
requirementClose,hardware_777777-FDF,Close,Close
requirementPlace,hardware_777777-FDF,Place,Place
requirementPick,hardware_777777-FDF,Pick,Pick
requirementOpen,hardware_2343YKENFDA,Open,Open
requirementClose,hardware_2343YKENFDA,Close,Close
requirementPlace,hardware_2343YKENFDA,Place,Place
requirementPick,hardware_2343YKENFDA,Pick,Pick
requirementOpen,hardware_4901700342,Open,Open
requirementClose,hardware_4901700342,Close,Close
requirementPlace,hardware_4901700342,Place,Place
requirementPick,hardware_4901700342,Pick,Pick
requirementOpen,hardware_4789134Q-14,Open,Open
requirementClose,hardware_4789134Q-14,Close,Close
requirementPlace,hardware_4789134Q-14,Place,Place
requirementPick,hardware_4789134Q-14,Pick,Pick
requirementDistance,hardware_SYN-D405-001,Distance,Distance
requirementVision,hardware_SYN-D405-001,Vision,Vision
requirementDistance,hardware_SYN-OAKDW-001,Distance,Distance
requirementVision,hardware_SYN-OAKDW-001,Vision,Vision
