step_id,agent_id,role_id
task_01_step_1,RobS,worker_task_01_step_1
task_01_step_2,RobS,worker_task_01_step_2
task_01_step_3,RobS,worker_task_01_step_3
task_01_step_4,RobS,worker_task_01_step_4
task_01_step_5,RobS,worker_task_01_step_5
task_02_step_1,RobS,worker_task_02_step_1
task_02_step_2,RobS,worker_task_02_step_2
task_02_step_3,RobS,worker_task_02_step_3
task_02_step_4,RobS,worker_task_02_step_4
task_02_step_5,RobS,worker_task_02_step_5
task_03_step_1,RobS,worker_task_03_step_1
task_03_step_2,RobS,worker_task_03_step_2
task_03_step_3,RobS,worker_task_03_step_3
task_03_step_4,RobS,worker_task_03_step_4
task_03_step_5,RobS,worker_task_03_step_5
task_04_step_1,RobS,worker_task_04_step_1
task_04_step_2,RobS,worker_task_04_step_2
task_04_step_3,RobS,worker_task_04_step_3
task_04_step_4,RobS,worker_task_04_step_4
task_04_step_5,RobS,worker_task_04_step_5
task_05_step_1,RobS,worker_task_05_step_1
task_05_step_2,RobS,worker_task_05_step_2
task_05_step_3,RobS,worker_task_05_step_3
task_05_step_4,RobS,worker_task_05_step_4
task_05_step_5,RobS,worker_task_05_step_5
task_06_step_1,RobS,worker_task_06_step_1
recovery_step_1,RobS,worker_recovery_step_1
recovery_step_2,RobM,worker_recovery_step_2
recovery_step_3,RobM,worker_recovery_step_3
recovery_step_4,RobM,worker_recovery_step_4
recovery_step_5,RobM,worker_recovery_step_5
recovery_step_6,RobM,worker_recovery_step_6
recovery_step_7,RobS,worker_recovery_step_7
task_06_step_2,RobS,worker_task_06_step_2
task_06_step_3,RobS,worker_task_06_step_3
task_06_step_4,RobS,worker_task_06_step_4
task_06_step_5,RobS,worker_task_06_step_5
task_07_step_1,RobS,worker_task_07_step_1
task_07_step_2,RobS,worker_task_07_step_2
task_07_step_3,RobS,worker_task_07_step_3
task_07_step_4,RobS,worker_task_07_step_4
task_07_step_5,RobS,worker_task_07_step_5
task_08_step_1,RobS,worker_task_08_step_1
task_08_step_2,RobS,worker_task_08_step_2
task_08_step_3,RobS,worker_task_08_step_3
task_08_step_4,RobS,worker_task_08_step_4
task_08_step_5,RobS,worker_task_08_step_5
task_09_step_1,RobS,worker_task_09_step_1
task_09_step_2,RobS,worker_task_09_step_2
task_09_step_3,RobS,worker_task_09_step_3
task_09_step_4,RobS,worker_task_09_step_4
task_09_step_5,RobS,worker_task_09_step_5
task_10_step_1,RobS,worker_task_10_step_1
task_10_step_2,RobS,worker_task_10_step_2
task_10_step_3,RobS,worker_task_10_step_3
task_10_step_4,RobS,worker_task_10_step_4
task_10_step_5,RobS,worker_task_10_step_5
task_11_step_1,RobS,worker_task_11_step_1
task_11_step_2,RobS,worker_task_11_step_2
task_11_step_3,RobS,worker_task_11_step_3
task_11_step_4,RobS,worker_task_11_step_4
task_11_step_5,RobS,worker_task_11_step_5
task_12_step_1,RobS,worker_task_12_step_1
task_12_step_2,RobS,worker_task_12_step_2
task_12_step_3,RobS,worker_task_12_step_3
task_12_step_4,RobS,worker_task_12_step_4
task_12_step_5,RobS,worker_task_12_step_5
task_13_step_1,RobS,worker_task_13_step_1
task_13_step_2,RobS,worker_task_13_step_2
task_13_step_3,RobS,worker_task_13_step_3
task_13_step_4,RobS,worker_task_13_step_4
task_13_step_5,RobS,worker_task_13_step_5
task_14_step_1,RobS,worker_task_14_step_1
task_14_step_2,RobS,worker_task_14_step_2
task_14_step_3,RobS,worker_task_14_step_3
task_14_step_4,RobS,worker_task_14_step_4
task_14_step_5,RobS,worker_task_14_step_5
task_15_step_1,RobS,worker_task_15_step_1
task_15_step_2,RobS,worker_task_15_step_2
task_15_step_3,RobS,worker_task_15_step_3
task_15_step_4,RobS,worker_task_15_step_4
task_15_step_5,RobS,worker_task_15_step_5
task_16_step_1,RobS,worker_task_16_step_1
task_16_step_2,RobS,worker_task_16_step_2
task_16_step_3,RobS,worker_task_16_step_3
task_16_step_4,RobS,worker_task_16_step_4
task_16_step_5,RobS,worker_task_16_step_5
task_17_step_1,RobS,worker_task_17_step_1
task_17_step_2,RobS,worker_task_17_step_2
task_17_step_3,RobS,worker_task_17_step_3
task_17_step_4,RobS,worker_task_17_step_4
task_17_step_5,RobS,worker_task_17_step_5
task_18_step_1,RobS,worker_task_18_step_1
task_18_step_2,RobS,worker_task_18_step_2
task_18_step_3,RobS,worker_task_18_step_3
task_18_step_4,RobS,worker_task_18_step_4
task_18_step_5,RobS,worker_task_18_step_5
task_19_step_1,RobS,worker_task_19_step_1
task_19_step_2,RobS,worker_task_19_step_2
task_19_step_3,RobS,worker_task_19_step_3
task_19_step_4,RobS,worker_task_19_step_4
task_19_step_5,RobS,worker_task_19_step_5
task_20_step_1,RobS,worker_task_20_step_1
task_20_step_2,RobS,worker_task_20_step_2
task_20_step_3,RobS,worker_task_20_step_3
task_20_step_4,RobS,worker_task_20_step_4
task_20_step_5,RobS,worker_task_20_step_5
