id,owner_id,kind_iri,label
spec_geometry_round_peg_4_diameter_milimeter,geometry_round_peg_4,https://github.com/kastle-lab/Autonomous-Robotic-Orchestration-Modular-Ontology/lod/ontology#diameter,diameter specification for geometry_round_peg_4
spec_geometry_round_peg_4_length_milimeter,geometry_round_peg_4,https://github.com/kastle-lab/Autonomous-Robotic-Orchestration-Modular-Ontology/lod/ontology#length,length specification for geometry_round_peg_4
spec_geometry_round_hole_4_diameter_milimeter,geometry_round_hole_4,https://github.com/kastle-lab/Autonomous-Robotic-Orchestration-Modular-Ontology/lod/ontology#diameter,diameter specification for geometry_round_hole_4
spec_geometry_round_hole_4_nominalDiametralClearance_milimeter,geometry_round_hole_4,https://github.com/kastle-lab/Autonomous-Robotic-Orchestration-Modular-Ontology/lod/resource#spec_kind_nominalDiametralClearance,nominalDiametralClearance specification for geometry_round_hole_4
spec_geometry_round_peg_8_diameter_milimeter,geometry_round_peg_8,https://github.com/kastle-lab/Autonomous-Robotic-Orchestration-Modular-Ontology/lod/ontology#diameter,diameter specification for geometry_round_peg_8
spec_geometry_round_peg_8_length_milimeter,geometry_round_peg_8,https://github.com/kastle-lab/Autonomous-Robotic-Orchestration-Modular-Ontology/lod/ontology#length,length specification for geometry_round_peg_8
spec_geometry_round_hole_8_diameter_milimeter,geometry_round_hole_8,https://github.com/kastle-lab/Autonomous-Robotic-Orchestration-Modular-Ontology/lod/ontology#diameter,diameter specification for geometry_round_hole_8
spec_geometry_round_hole_8_nominalDiametralClearance_milimeter,geometry_round_hole_8,https://github.com/kastle-lab/Autonomous-Robotic-Orchestration-Modular-Ontology/lod/resource#spec_kind_nominalDiametralClearance,nominalDiametralClearance specification for geometry_round_hole_8
spec_geometry_round_peg_12_diameter_milimeter,geometry_round_peg_12,https://github.com/kastle-lab/Autonomous-Robotic-Orchestration-Modular-Ontology/lod/ontology#diameter,diameter specification for geometry_round_peg_12
spec_geometry_round_peg_12_length_milimeter,geometry_round_peg_12,https://github.com/kastle-lab/Autonomous-Robotic-Orchestration-Modular-Ontology/lod/ontology#length,length specification for geometry_round_peg_12
spec_geometry_round_hole_12_diameter_milimeter,geometry_round_hole_12,https://github.com/kastle-lab/Autonomous-Robotic-Orchestration-Modular-Ontology/lod/ontology#diameter,diameter specification for geometry_round_hole_12
spec_geometry_round_hole_12_nominalDiametralClearance_milimeter,geometry_round_hole_12,https://github.com/kastle-lab/Autonomous-Robotic-Orchestration-Modular-Ontology/lod/resource#spec_kind_nominalDiametralClearance,nominalDiametralClearance specification for geometry_round_hole_12
spec_geometry_round_peg_16_diameter_milimeter,geometry_round_peg_16,https://github.com/kastle-lab/Autonomous-Robotic-Orchestration-Modular-Ontology/lod/ontology#diameter,diameter specification for geometry_round_peg_16
spec_geometry_round_peg_16_length_milimeter,geometry_round_peg_16,https://github.com/kastle-lab/Autonomous-Robotic-Orchestration-Modular-Ontology/lod/ontology#length,length specification for geometry_round_peg_16
spec_geometry_round_hole_16_diameter_milimeter,geometry_round_hole_16,https://github.com/kastle-lab/Autonomous-Robotic-Orchestration-Modular-Ontology/lod/ontology#diameter,diameter specification for geometry_round_hole_16
spec_geometry_round_hole_16_nominalDiametralClearance_milimeter,geometry_round_hole_16,https://github.com/kastle-lab/Autonomous-Robotic-Orchestration-Modular-Ontology/lod/resource#spec_kind_nominalDiametralClearance,nominalDiametralClearance specification for geometry_round_hole_16
spec_geometry_rect_peg_4_width_milimeter,geometry_rect_peg_4,https://github.com/kastle-lab/Autonomous-Robotic-Orchestration-Modular-Ontology/lod/ontology#width,width specification for geometry_rect_peg_4
spec_geometry_rect_peg_4_height_milimeter,geometry_rect_peg_4,https://github.com/kastle-lab/Autonomous-Robotic-Orchestration-Modular-Ontology/lod/ontology#height,height specification for geometry_rect_peg_4
spec_geometry_rect_peg_4_length_milimeter,geometry_rect_peg_4,https://github.com/kastle-lab/Autonomous-Robotic-Orchestration-Modular-Ontology/lod/ontology#length,length specification for geometry_rect_peg_4
spec_geometry_rect_peg_8_width_milimeter,geometry_rect_peg_8,https://github.com/kastle-lab/Autonomous-Robotic-Orchestration-Modular-Ontology/lod/ontology#width,width specification for geometry_rect_peg_8
spec_geometry_rect_peg_8_height_milimeter,geometry_rect_peg_8,https://github.com/kastle-lab/Autonomous-Robotic-Orchestration-Modular-Ontology/lod/ontology#height,height specification for geometry_rect_peg_8
spec_geometry_rect_peg_8_length_milimeter,geometry_rect_peg_8,https://github.com/kastle-lab/Autonomous-Robotic-Orchestration-Modular-Ontology/lod/ontology#length,length specification for geometry_rect_peg_8
spec_geometry_rect_peg_12_width_milimeter,geometry_rect_peg_12,https://github.com/kastle-lab/Autonomous-Robotic-Orchestration-Modular-Ontology/lod/ontology#width,width specification for geometry_rect_peg_12
spec_geometry_rect_peg_12_height_milimeter,geometry_rect_peg_12,https://github.com/kastle-lab/Autonomous-Robotic-Orchestration-Modular-Ontology/lod/ontology#height,height specification for geometry_rect_peg_12
spec_geometry_rect_peg_12_length_milimeter,geometry_rect_peg_12,https://github.com/kastle-lab/Autonomous-Robotic-Orchestration-Modular-Ontology/lod/ontology#length,length specification for geometry_rect_peg_12
spec_geometry_rect_peg_16_width_milimeter,geometry_rect_peg_16,https://github.com/kastle-lab/Autonomous-Robotic-Orchestration-Modular-Ontology/lod/ontology#width,width specification for geometry_rect_peg_16
spec_geometry_rect_peg_16_height_milimeter,geometry_rect_peg_16,https://github.com/kastle-lab/Autonomous-Robotic-Orchestration-Modular-Ontology/lod/ontology#height,height specification for geometry_rect_peg_16
spec_geometry_rect_peg_16_length_milimeter,geometry_rect_peg_16,https://github.com/kastle-lab/Autonomous-Robotic-Orchestration-Modular-Ontology/lod/ontology#length,length specification for geometry_rect_peg_16
spec_geometry_bolt_m4_length_milimeter,geometry_bolt_m4,https://github.com/kastle-lab/Autonomous-Robotic-Orchestration-Modular-Ontology/lod/ontology#length,length specification for geometry_bolt_m4
spec_geometry_bolt_m8_length_milimeter,geometry_bolt_m8,https://github.com/kastle-lab/Autonomous-Robotic-Orchestration-Modular-Ontology/lod/ontology#length,length specification for geometry_bolt_m8
spec_geometry_bolt_m12_length_milimeter,geometry_bolt_m12,https://github.com/kastle-lab/Autonomous-Robotic-Orchestration-Modular-Ontology/lod/ontology#length,length specification for geometry_bolt_m12
spec_geometry_bolt_m16_length_milimeter,geometry_bolt_m16,https://github.com/kastle-lab/Autonomous-Robotic-Orchestration-Modular-Ontology/lod/ontology#length,length specification for geometry_bolt_m16
spec_geometry_bolt_m3_16_length_milimeter,geometry_bolt_m3_16,https://github.com/kastle-lab/Autonomous-Robotic-Orchestration-Modular-Ontology/lod/ontology#length,length specification for geometry_bolt_m3_16
spec_geometry_bolt_m3_35_length_milimeter,geometry_bolt_m3_35,https://github.com/kastle-lab/Autonomous-Robotic-Orchestration-Modular-Ontology/lod/ontology#length,length specification for geometry_bolt_m3_35
spec_geometry_bolt_m6_25_length_milimeter,geometry_bolt_m6_25,https://github.com/kastle-lab/Autonomous-Robotic-Orchestration-Modular-Ontology/lod/ontology#length,length specification for geometry_bolt_m6_25
spec_hardware_573834234ADSF_repeatedPositioningAccuracy_milimeter,hardware_573834234ADSF,https://github.com/kastle-lab/Autonomous-Robotic-Orchestration-Modular-Ontology/lod/ontology#repeatedPositioningAccuracy,repeatedPositioningAccuracy specification for hardware_573834234ADSF
spec_hardware_573834234ADSF_rangeOfMotion_milimeter,hardware_573834234ADSF,https://github.com/kastle-lab/Autonomous-Robotic-Orchestration-Modular-Ontology/lod/ontology#rangeOfMotion,rangeOfMotion specification for hardware_573834234ADSF
spec_hardware_573834234ADSF_degreesOfFreedom_count,hardware_573834234ADSF,https://github.com/kastle-lab/Autonomous-Robotic-Orchestration-Modular-Ontology/lod/ontology#degreesOfFreedom,degreesOfFreedom specification for hardware_573834234ADSF
spec_hardware_573834234ADSF_payload_gram,hardware_573834234ADSF,https://github.com/kastle-lab/Autonomous-Robotic-Orchestration-Modular-Ontology/lod/ontology#payload,payload specification for hardware_573834234ADSF
spec_hardware_573834234ADSF_weight_gram,hardware_573834234ADSF,https://github.com/kastle-lab/Autonomous-Robotic-Orchestration-Modular-Ontology/lod/ontology#weight,weight specification for hardware_573834234ADSF
spec_hardware_573834234ADSF_temperature_celsius,hardware_573834234ADSF,https://github.com/kastle-lab/Autonomous-Robotic-Orchestration-Modular-Ontology/lod/ontology#temperature,temperature specification for hardware_573834234ADSF
spec_hardware_89897624JKJL_repeatedPositioningAccuracy_milimeter,hardware_89897624JKJL,https://github.com/kastle-lab/Autonomous-Robotic-Orchestration-Modular-Ontology/lod/ontology#repeatedPositioningAccuracy,repeatedPositioningAccuracy specification for hardware_89897624JKJL
spec_hardware_89897624JKJL_rangeOfMotion_milimeter,hardware_89897624JKJL,https://github.com/kastle-lab/Autonomous-Robotic-Orchestration-Modular-Ontology/lod/ontology#rangeOfMotion,rangeOfMotion specification for hardware_89897624JKJL
spec_hardware_89897624JKJL_degreesOfFreedom_count,hardware_89897624JKJL,https://github.com/kastle-lab/Autonomous-Robotic-Orchestration-Modular-Ontology/lod/ontology#degreesOfFreedom,degreesOfFreedom specification for hardware_89897624JKJL
spec_hardware_89897624JKJL_payload_gram,hardware_89897624JKJL,https://github.com/kastle-lab/Autonomous-Robotic-Orchestration-Modular-Ontology/lod/ontology#payload,payload specification for hardware_89897624JKJL
spec_hardware_89897624JKJL_weight_gram,hardware_89897624JKJL,https://github.com/kastle-lab/Autonomous-Robotic-Orchestration-Modular-Ontology/lod/ontology#weight,weight specification for hardware_89897624JKJL
spec_hardware_89897624JKJL_temperature_celsius,hardware_89897624JKJL,https://github.com/kastle-lab/Autonomous-Robotic-Orchestration-Modular-Ontology/lod/ontology#temperature,temperature specification for hardware_89897624JKJL
spec_hardware_NVB6873432_repeatedPositioningAccuracy_milimeter,hardware_NVB6873432,https://github.com/kastle-lab/Autonomous-Robotic-Orchestration-Modular-Ontology/lod/ontology#repeatedPositioningAccuracy,repeatedPositioningAccuracy specification for hardware_NVB6873432
spec_hardware_NVB6873432_rangeOfMotion_milimeter,hardware_NVB6873432,https://github.com/kastle-lab/Autonomous-Robotic-Orchestration-Modular-Ontology/lod/ontology#rangeOfMotion,rangeOfMotion specification for hardware_NVB6873432
spec_hardware_NVB6873432_degreesOfFreedom_count,hardware_NVB6873432,https://github.com/kastle-lab/Autonomous-Robotic-Orchestration-Modular-Ontology/lod/ontology#degreesOfFreedom,degreesOfFreedom specification for hardware_NVB6873432
spec_hardware_NVB6873432_payload_gram,hardware_NVB6873432,https://github.com/kastle-lab/Autonomous-Robotic-Orchestration-Modular-Ontology/lod/ontology#payload,payload specification for hardware_NVB6873432
spec_hardware_NVB6873432_weight_gram,hardware_NVB6873432,https://github.com/kastle-lab/Autonomous-Robotic-Orchestration-Modular-Ontology/lod/ontology#weight,weight specification for hardware_NVB6873432
spec_hardware_NVB68712F3_repeatedPositioningAccuracy_milimeter,hardware_NVB68712F3,https://github.com/kastle-lab/Autonomous-Robotic-Orchestration-Modular-Ontology/lod/ontology#repeatedPositioningAccuracy,repeatedPositioningAccuracy specification for hardware_NVB68712F3
spec_hardware_NVB68712F3_rangeOfMotion_milimeter,hardware_NVB68712F3,https://github.com/kastle-lab/Autonomous-Robotic-Orchestration-Modular-Ontology/lod/ontology#rangeOfMotion,rangeOfMotion specification for hardware_NVB68712F3
spec_hardware_NVB68712F3_degreesOfFreedom_count,hardware_NVB68712F3,https://github.com/kastle-lab/Autonomous-Robotic-Orchestration-Modular-Ontology/lod/ontology#degreesOfFreedom,degreesOfFreedom specification for hardware_NVB68712F3
spec_hardware_NVB68712F3_payload_gram,hardware_NVB68712F3,https://github.com/kastle-lab/Autonomous-Robotic-Orchestration-Modular-Ontology/lod/ontology#payload,payload specification for hardware_NVB68712F3
spec_hardware_NVB68712F3_weight_gram,hardware_NVB68712F3,https://github.com/kastle-lab/Autonomous-Robotic-Orchestration-Modular-Ontology/lod/ontology#weight,weight specification for hardware_NVB68712F3
spec_hardware_JHF-3434-FDAF_velocity_kilometre_per_hour,hardware_JHF-3434-FDAF,https://github.com/kastle-lab/Autonomous-Robotic-Orchestration-Modular-Ontology/lod/ontology#velocity,velocity specification for hardware_JHF-3434-FDAF
spec_hardware_JHF-3434-FDAF_rangeOfMotion_kilometre,hardware_JHF-3434-FDAF,https://github.com/kastle-lab/Autonomous-Robotic-Orchestration-Modular-Ontology/lod/ontology#rangeOfMotion,rangeOfMotion specification for hardware_JHF-3434-FDAF
spec_hardware_JHF-3434-FDAF_payload_gram,hardware_JHF-3434-FDAF,https://github.com/kastle-lab/Autonomous-Robotic-Orchestration-Modular-Ontology/lod/ontology#payload,payload specification for hardware_JHF-3434-FDAF
spec_hardware_JHF-3434-FDAF_weight_gram,hardware_JHF-3434-FDAF,https://github.com/kastle-lab/Autonomous-Robotic-Orchestration-Modular-Ontology/lod/ontology#weight,weight specification for hardware_JHF-3434-FDAF
spec_hardware_777777-FDF_payload_gram,hardware_777777-FDF,https://github.com/kastle-lab/Autonomous-Robotic-Orchestration-Modular-Ontology/lod/ontology#payload,payload specification for hardware_777777-FDF
spec_hardware_777777-FDF_weight_gram,hardware_777777-FDF,https://github.com/kastle-lab/Autonomous-Robotic-Orchestration-Modular-Ontology/lod/ontology#weight,weight specification for hardware_777777-FDF
spec_hardware_777777-FDF_stroke_milimeter,hardware_777777-FDF,https://github.com/kastle-lab/Autonomous-Robotic-Orchestration-Modular-Ontology/lod/ontology#stroke,stroke specification for hardware_777777-FDF
spec_hardware_777777-FDF_gripForce_newton,hardware_777777-FDF,https://github.com/kastle-lab/Autonomous-Robotic-Orchestration-Modular-Ontology/lod/ontology#gripForce,gripForce specification for hardware_777777-FDF
spec_hardware_777777-FDF_formFitGrip_gram,hardware_777777-FDF,https://github.com/kastle-lab/Autonomous-Robotic-Orchestration-Modular-Ontology/lod/ontology#formFitGrip,formFitGrip specification for hardware_777777-FDF
spec_hardware_777777-FDF_frictionGrip_gram,hardware_777777-FDF,https://github.com/kastle-lab/Autonomous-Robotic-Orchestration-Modular-Ontology/lod/ontology#frictionGrip,frictionGrip specification for hardware_777777-FDF
spec_hardware_2343YKENFDA_payload_gram,hardware_2343YKENFDA,https://github.com/kastle-lab/Autonomous-Robotic-Orchestration-Modular-Ontology/lod/ontology#payload,payload specification for hardware_2343YKENFDA
spec_hardware_2343YKENFDA_weight_gram,hardware_2343YKENFDA,https://github.com/kastle-lab/Autonomous-Robotic-Orchestration-Modular-Ontology/lod/ontology#weight,weight specification for hardware_2343YKENFDA
spec_hardware_2343YKENFDA_stroke_milimeter,hardware_2343YKENFDA,https://github.com/kastle-lab/Autonomous-Robotic-Orchestration-Modular-Ontology/lod/ontology#stroke,stroke specification for hardware_2343YKENFDA
spec_hardware_2343YKENFDA_gripForce_newton,hardware_2343YKENFDA,https://github.com/kastle-lab/Autonomous-Robotic-Orchestration-Modular-Ontology/lod/ontology#gripForce,gripForce specification for hardware_2343YKENFDA
spec_hardware_2343YKENFDA_formFitGrip_gram,hardware_2343YKENFDA,https://github.com/kastle-lab/Autonomous-Robotic-Orchestration-Modular-Ontology/lod/ontology#formFitGrip,formFitGrip specification for hardware_2343YKENFDA
spec_hardware_2343YKENFDA_frictionGrip_gram,hardware_2343YKENFDA,https://github.com/kastle-lab/Autonomous-Robotic-Orchestration-Modular-Ontology/lod/ontology#frictionGrip,frictionGrip specification for hardware_2343YKENFDA
spec_hardware_4901700342_repeatedPositioningAccuracy_milimeter,hardware_4901700342,https://github.com/kastle-lab/Autonomous-Robotic-Orchestration-Modular-Ontology/lod/ontology#repeatedPositioningAccuracy,repeatedPositioningAccuracy specification for hardware_4901700342
spec_hardware_4901700342_payload_gram,hardware_4901700342,https://github.com/kastle-lab/Autonomous-Robotic-Orchestration-Modular-Ontology/lod/ontology#payload,payload specification for hardware_4901700342
spec_hardware_4901700342_weight_gram,hardware_4901700342,https://github.com/kastle-lab/Autonomous-Robotic-Orchestration-Modular-Ontology/lod/ontology#weight,weight specification for hardware_4901700342
spec_hardware_4901700342_stroke_milimeter,hardware_4901700342,https://github.com/kastle-lab/Autonomous-Robotic-Orchestration-Modular-Ontology/lod/ontology#stroke,stroke specification for hardware_4901700342
spec_hardware_4789134Q-14_payload_gram,hardware_4789134Q-14,https://github.com/kastle-lab/Autonomous-Robotic-Orchestration-Modular-Ontology/lod/ontology#payload,payload specification for hardware_4789134Q-14
spec_hardware_4789134Q-14_weight_gram,hardware_4789134Q-14,https://github.com/kastle-lab/Autonomous-Robotic-Orchestration-Modular-Ontology/lod/ontology#weight,weight specification for hardware_4789134Q-14
spec_hardware_4789134Q-14_stroke_milimeter,hardware_4789134Q-14,https://github.com/kastle-lab/Autonomous-Robotic-Orchestration-Modular-Ontology/lod/ontology#stroke,stroke specification for hardware_4789134Q-14
spec_hardware_SYN-D405-001_idealDepthRange_centimeter,hardware_SYN-D405-001,https://github.com/kastle-lab/Autonomous-Robotic-Orchestration-Modular-Ontology/lod/resource#spec_kind_idealDepthRange,idealDepthRange specification for hardware_SYN-D405-001
spec_hardware_SYN-D405-001_depthFovHorizontal_degreeAngle,hardware_SYN-D405-001,https://github.com/kastle-lab/Autonomous-Robotic-Orchestration-Modular-Ontology/lod/resource#spec_kind_depthFovHorizontal,depthFovHorizontal specification for hardware_SYN-D405-001
spec_hardware_SYN-D405-001_depthFovVertical_degreeAngle,hardware_SYN-D405-001,https://github.com/kastle-lab/Autonomous-Robotic-Orchestration-Modular-Ontology/lod/resource#spec_kind_depthFovVertical,depthFovVertical specification for hardware_SYN-D405-001
spec_hardware_SYN-D405-001_depthFrameRate_frame_per_second,hardware_SYN-D405-001,https://github.com/kastle-lab/Autonomous-Robotic-Orchestration-Modular-Ontology/lod/resource#spec_kind_depthFrameRate,depthFrameRate specification for hardware_SYN-D405-001
spec_hardware_SYN-D405-001_rgbFovHorizontal_degreeAngle,hardware_SYN-D405-001,https://github.com/kastle-lab/Autonomous-Robotic-Orchestration-Modular-Ontology/lod/resource#spec_kind_rgbFovHorizontal,rgbFovHorizontal specification for hardware_SYN-D405-001
spec_hardware_SYN-D405-001_rgbFovVertical_degreeAngle,hardware_SYN-D405-001,https://github.com/kastle-lab/Autonomous-Robotic-Orchestration-Modular-Ontology/lod/resource#spec_kind_rgbFovVertical,rgbFovVertical specification for hardware_SYN-D405-001
spec_hardware_SYN-D405-001_weight_gram,hardware_SYN-D405-001,https://github.com/kastle-lab/Autonomous-Robotic-Orchestration-Modular-Ontology/lod/ontology#weight,weight specification for hardware_SYN-D405-001
spec_hardware_SYN-D405-001_length_milimeter,hardware_SYN-D405-001,https://github.com/kastle-lab/Autonomous-Robotic-Orchestration-Modular-Ontology/lod/ontology#length,length specification for hardware_SYN-D405-001
spec_hardware_SYN-D405-001_depth_milimeter,hardware_SYN-D405-001,https://github.com/kastle-lab/Autonomous-Robotic-Orchestration-Modular-Ontology/lod/ontology#depth,depth specification for hardware_SYN-D405-001
spec_hardware_SYN-D405-001_height_milimeter,hardware_SYN-D405-001,https://github.com/kastle-lab/Autonomous-Robotic-Orchestration-Modular-Ontology/lod/ontology#height,height specification for hardware_SYN-D405-001
spec_hardware_SYN-OAKDW-001_idealDepthRange_centimeter,hardware_SYN-OAKDW-001,https://github.com/kastle-lab/Autonomous-Robotic-Orchestration-Modular-Ontology/lod/resource#spec_kind_idealDepthRange,idealDepthRange specification for hardware_SYN-OAKDW-001
spec_hardware_SYN-OAKDW-001_depthFovHorizontal_degreeAngle,hardware_SYN-OAKDW-001,https://github.com/kastle-lab/Autonomous-Robotic-Orchestration-Modular-Ontology/lod/resource#spec_kind_depthFovHorizontal,depthFovHorizontal specification for hardware_SYN-OAKDW-001
spec_hardware_SYN-OAKDW-001_depthFovVertical_degreeAngle,hardware_SYN-OAKDW-001,https://github.com/kastle-lab/Autonomous-Robotic-Orchestration-Modular-Ontology/lod/resource#spec_kind_depthFovVertical,depthFovVertical specification for hardware_SYN-OAKDW-001
spec_hardware_SYN-OAKDW-001_depthFovDiagonal_degreeAngle,hardware_SYN-OAKDW-001,https://github.com/kastle-lab/Autonomous-Robotic-Orchestration-Modular-Ontology/lod/resource#spec_kind_depthFovDiagonal,depthFovDiagonal specification for hardware_SYN-OAKDW-001
spec_hardware_SYN-OAKDW-001_rgbFovHorizontal_degreeAngle,hardware_SYN-OAKDW-001,https://github.com/kastle-lab/Autonomous-Robotic-Orchestration-Modular-Ontology/lod/resource#spec_kind_rgbFovHorizontal,rgbFovHorizontal specification for hardware_SYN-OAKDW-001
spec_hardware_SYN-OAKDW-001_rgbFovVertical_degreeAngle,hardware_SYN-OAKDW-001,https://github.com/kastle-lab/Autonomous-Robotic-Orchestration-Modular-Ontology/lod/resource#spec_kind_rgbFovVertical,rgbFovVertical specification for hardware_SYN-OAKDW-001
spec_hardware_SYN-OAKDW-001_rgbFovDiagonal_degreeAngle,hardware_SYN-OAKDW-001,https://github.com/kastle-lab/Autonomous-Robotic-Orchestration-Modular-Ontology/lod/resource#spec_kind_rgbFovDiagonal,rgbFovDiagonal specification for hardware_SYN-OAKDW-001
