id,component_id,label
round_peg_4_state_0,round_peg_4,available
round_peg_4_state_1,round_peg_4,localized
round_peg_4_state_2,round_peg_4,grasped
round_peg_4_state_3,round_peg_4,aligned
round_peg_4_state_4,round_peg_4,engaged
round_peg_4_state_5,round_peg_4,verified
round_peg_8_state_0,round_peg_8,available
round_peg_8_state_1,round_peg_8,localized
round_peg_8_state_2,round_peg_8,grasped
round_peg_8_state_3,round_peg_8,aligned
round_peg_8_state_4,round_peg_8,engaged
round_peg_8_state_5,round_peg_8,verified
round_peg_12_state_0,round_peg_12,available
round_peg_12_state_1,round_peg_12,localized
round_peg_12_state_2,round_peg_12,grasped
round_peg_12_state_3,round_peg_12,aligned
round_peg_12_state_4,round_peg_12,engaged
round_peg_12_state_5,round_peg_12,verified
round_peg_16_state_0,round_peg_16,available
round_peg_16_state_1,round_peg_16,localized
round_peg_16_state_2,round_peg_16,grasped
round_peg_16_state_3,round_peg_16,aligned
round_peg_16_state_4,round_peg_16,engaged
round_peg_16_state_5,round_peg_16,verified
rect_peg_4_state_0,rect_peg_4,available
rect_peg_4_state_1,rect_peg_4,localized
rect_peg_4_state_2,rect_peg_4,grasped
rect_peg_4_state_3,rect_peg_4,aligned
rect_peg_4_state_4,rect_peg_4,engaged
rect_peg_4_state_5,rect_peg_4,verified
rect_peg_8_state_0,rect_peg_8,available
rect_peg_8_state_1,rect_peg_8,localized
rect_peg_8_displaced,rect_peg_8,outside_stationary_reach
rect_peg_8_recovery_localized,rect_peg_8,localized_for_retrieval
rect_peg_8_recovery_grasped,rect_peg_8,held_by_RobM
rect_peg_8_recovery_transport,rect_peg_8,transported_by_RobM
rect_peg_8_returned,rect_peg_8,returned_to_stationary_zone
rect_peg_8_state_2,rect_peg_8,grasped
rect_peg_8_state_3,rect_peg_8,aligned
rect_peg_8_state_4,rect_peg_8,engaged
rect_peg_8_state_5,rect_peg_8,verified
rect_peg_12_state_0,rect_peg_12,available
rect_peg_12_state_1,rect_peg_12,localized
rect_peg_12_state_2,rect_peg_12,grasped
rect_peg_12_state_3,rect_peg_12,aligned
rect_peg_12_state_4,rect_peg_12,engaged
rect_peg_12_state_5,rect_peg_12,verified
rect_peg_16_state_0,rect_peg_16,available
rect_peg_16_state_1,rect_peg_16,localized
rect_peg_16_state_2,rect_peg_16,grasped
rect_peg_16_state_3,rect_peg_16,aligned
rect_peg_16_state_4,rect_peg_16,engaged
rect_peg_16_state_5,rect_peg_16,verified
gear_small_state_0,gear_small,available
gear_small_state_1,gear_small,localized
gear_small_state_2,gear_small,grasped
gear_small_state_3,gear_small,aligned
gear_small_state_4,gear_small,engaged
gear_small_state_5,gear_small,verified
gear_medium_state_0,gear_medium,available
gear_medium_state_1,gear_medium,localized
gear_medium_state_2,gear_medium,grasped
gear_medium_state_3,gear_medium,aligned
gear_medium_state_4,gear_medium,engaged
gear_medium_state_5,gear_medium,verified
gear_large_state_0,gear_large,available
gear_large_state_1,gear_large,localized
gear_large_state_2,gear_large,grasped
gear_large_state_3,gear_large,aligned
gear_large_state_4,gear_large,engaged
gear_large_state_5,gear_large,verified
plug_bnc_state_0,plug_bnc,available
plug_bnc_state_1,plug_bnc,localized
plug_bnc_state_2,plug_bnc,grasped
plug_bnc_state_3,plug_bnc,aligned
plug_bnc_state_4,plug_bnc,engaged
plug_bnc_state_5,plug_bnc,verified
plug_waterproof_state_0,plug_waterproof,available
plug_waterproof_state_1,plug_waterproof,localized
plug_waterproof_state_2,plug_waterproof,grasped
plug_waterproof_state_3,plug_waterproof,aligned
plug_waterproof_state_4,plug_waterproof,engaged
plug_waterproof_state_5,plug_waterproof,verified
plug_dsub_state_0,plug_dsub,available
plug_dsub_state_1,plug_dsub,localized
plug_dsub_state_2,plug_dsub,grasped
plug_dsub_state_3,plug_dsub,aligned
plug_dsub_state_4,plug_dsub,engaged
plug_dsub_state_5,plug_dsub,verified
plug_usb_state_0,plug_usb,available
plug_usb_state_1,plug_usb,localized
plug_usb_state_2,plug_usb,grasped
plug_usb_state_3,plug_usb,aligned
plug_usb_state_4,plug_usb,engaged
plug_usb_state_5,plug_usb,verified
plug_rj45_state_0,plug_rj45,available
plug_rj45_state_1,plug_rj45,localized
plug_rj45_state_2,plug_rj45,grasped
plug_rj45_state_3,plug_rj45,aligned
plug_rj45_state_4,plug_rj45,engaged
plug_rj45_state_5,plug_rj45,verified
nut_m4_state_0,nut_m4,available
nut_m4_state_1,nut_m4,localized
nut_m4_state_2,nut_m4,grasped
nut_m4_state_3,nut_m4,aligned
nut_m4_state_4,nut_m4,engaged
nut_m4_state_5,nut_m4,verified
nut_m8_state_0,nut_m8,available
nut_m8_state_1,nut_m8,localized
nut_m8_state_2,nut_m8,grasped
nut_m8_state_3,nut_m8,aligned
nut_m8_state_4,nut_m8,engaged
nut_m8_state_5,nut_m8,verified
nut_m12_state_0,nut_m12,available
nut_m12_state_1,nut_m12,localized
nut_m12_state_2,nut_m12,grasped
nut_m12_state_3,nut_m12,aligned
nut_m12_state_4,nut_m12,engaged
nut_m12_state_5,nut_m12,verified
nut_m16_state_0,nut_m16,available
nut_m16_state_1,nut_m16,localized
nut_m16_state_2,nut_m16,grasped
nut_m16_state_3,nut_m16,aligned
nut_m16_state_4,nut_m16,engaged
nut_m16_state_5,nut_m16,verified
