id,specification_id,class_iri,label,value,unit_iri
threshold_measure_geometry_round_peg_4_diameter_mm,spec_geometry_round_peg_4_diameter_milimeter,NominalThreshold,diameter_mm,4,https://github.com/kastle-lab/Autonomous-Robotic-Orchestration-Modular-Ontology/lod/ontology#milimeter
threshold_measure_geometry_round_peg_4_length_mm,spec_geometry_round_peg_4_length_milimeter,NominalThreshold,length_mm,50,https://github.com/kastle-lab/Autonomous-Robotic-Orchestration-Modular-Ontology/lod/ontology#milimeter
threshold_measure_geometry_round_hole_4_target_hole_diameter_mm,spec_geometry_round_hole_4_diameter_milimeter,NominalThreshold,target_hole_diameter_mm,4.1,https://github.com/kastle-lab/Autonomous-Robotic-Orchestration-Modular-Ontology/lod/ontology#milimeter
threshold_measure_geometry_round_hole_4_nominal_diametral_clearance_mm,spec_geometry_round_hole_4_nominalDiametralClearance_milimeter,NominalThreshold,nominal_diametral_clearance_mm,0.1,https://github.com/kastle-lab/Autonomous-Robotic-Orchestration-Modular-Ontology/lod/ontology#milimeter
threshold_measure_geometry_round_peg_8_diameter_mm,spec_geometry_round_peg_8_diameter_milimeter,NominalThreshold,diameter_mm,8,https://github.com/kastle-lab/Autonomous-Robotic-Orchestration-Modular-Ontology/lod/ontology#milimeter
threshold_measure_geometry_round_peg_8_length_mm,spec_geometry_round_peg_8_length_milimeter,NominalThreshold,length_mm,50,https://github.com/kastle-lab/Autonomous-Robotic-Orchestration-Modular-Ontology/lod/ontology#milimeter
threshold_measure_geometry_round_hole_8_target_hole_diameter_mm,spec_geometry_round_hole_8_diameter_milimeter,NominalThreshold,target_hole_diameter_mm,8.1,https://github.com/kastle-lab/Autonomous-Robotic-Orchestration-Modular-Ontology/lod/ontology#milimeter
threshold_measure_geometry_round_hole_8_nominal_diametral_clearance_mm,spec_geometry_round_hole_8_nominalDiametralClearance_milimeter,NominalThreshold,nominal_diametral_clearance_mm,0.1,https://github.com/kastle-lab/Autonomous-Robotic-Orchestration-Modular-Ontology/lod/ontology#milimeter
threshold_measure_geometry_round_peg_12_diameter_mm,spec_geometry_round_peg_12_diameter_milimeter,NominalThreshold,diameter_mm,12,https://github.com/kastle-lab/Autonomous-Robotic-Orchestration-Modular-Ontology/lod/ontology#milimeter
threshold_measure_geometry_round_peg_12_length_mm,spec_geometry_round_peg_12_length_milimeter,NominalThreshold,length_mm,50,https://github.com/kastle-lab/Autonomous-Robotic-Orchestration-Modular-Ontology/lod/ontology#milimeter
threshold_measure_geometry_round_hole_12_target_hole_diameter_mm,spec_geometry_round_hole_12_diameter_milimeter,NominalThreshold,target_hole_diameter_mm,12.2,https://github.com/kastle-lab/Autonomous-Robotic-Orchestration-Modular-Ontology/lod/ontology#milimeter
threshold_measure_geometry_round_hole_12_nominal_diametral_clearance_mm,spec_geometry_round_hole_12_nominalDiametralClearance_milimeter,NominalThreshold,nominal_diametral_clearance_mm,0.2,https://github.com/kastle-lab/Autonomous-Robotic-Orchestration-Modular-Ontology/lod/ontology#milimeter
threshold_measure_geometry_round_peg_16_diameter_mm,spec_geometry_round_peg_16_diameter_milimeter,NominalThreshold,diameter_mm,16,https://github.com/kastle-lab/Autonomous-Robotic-Orchestration-Modular-Ontology/lod/ontology#milimeter
threshold_measure_geometry_round_peg_16_length_mm,spec_geometry_round_peg_16_length_milimeter,NominalThreshold,length_mm,50,https://github.com/kastle-lab/Autonomous-Robotic-Orchestration-Modular-Ontology/lod/ontology#milimeter
threshold_measure_geometry_round_hole_16_target_hole_diameter_mm,spec_geometry_round_hole_16_diameter_milimeter,NominalThreshold,target_hole_diameter_mm,16.5,https://github.com/kastle-lab/Autonomous-Robotic-Orchestration-Modular-Ontology/lod/ontology#milimeter
threshold_measure_geometry_round_hole_16_nominal_diametral_clearance_mm,spec_geometry_round_hole_16_nominalDiametralClearance_milimeter,NominalThreshold,nominal_diametral_clearance_mm,0.5,https://github.com/kastle-lab/Autonomous-Robotic-Orchestration-Modular-Ontology/lod/ontology#milimeter
threshold_measure_geometry_rect_peg_4_width_mm,spec_geometry_rect_peg_4_width_milimeter,NominalThreshold,width_mm,4,https://github.com/kastle-lab/Autonomous-Robotic-Orchestration-Modular-Ontology/lod/ontology#milimeter
threshold_measure_geometry_rect_peg_4_height_mm,spec_geometry_rect_peg_4_height_milimeter,NominalThreshold,height_mm,4,https://github.com/kastle-lab/Autonomous-Robotic-Orchestration-Modular-Ontology/lod/ontology#milimeter
threshold_measure_geometry_rect_peg_4_length_mm,spec_geometry_rect_peg_4_length_milimeter,NominalThreshold,length_mm,50,https://github.com/kastle-lab/Autonomous-Robotic-Orchestration-Modular-Ontology/lod/ontology#milimeter
threshold_measure_geometry_rect_peg_8_width_mm,spec_geometry_rect_peg_8_width_milimeter,NominalThreshold,width_mm,8,https://github.com/kastle-lab/Autonomous-Robotic-Orchestration-Modular-Ontology/lod/ontology#milimeter
threshold_measure_geometry_rect_peg_8_height_mm,spec_geometry_rect_peg_8_height_milimeter,NominalThreshold,height_mm,7,https://github.com/kastle-lab/Autonomous-Robotic-Orchestration-Modular-Ontology/lod/ontology#milimeter
threshold_measure_geometry_rect_peg_8_length_mm,spec_geometry_rect_peg_8_length_milimeter,NominalThreshold,length_mm,50,https://github.com/kastle-lab/Autonomous-Robotic-Orchestration-Modular-Ontology/lod/ontology#milimeter
threshold_measure_geometry_rect_peg_12_width_mm,spec_geometry_rect_peg_12_width_milimeter,NominalThreshold,width_mm,12,https://github.com/kastle-lab/Autonomous-Robotic-Orchestration-Modular-Ontology/lod/ontology#milimeter
threshold_measure_geometry_rect_peg_12_height_mm,spec_geometry_rect_peg_12_height_milimeter,NominalThreshold,height_mm,8,https://github.com/kastle-lab/Autonomous-Robotic-Orchestration-Modular-Ontology/lod/ontology#milimeter
threshold_measure_geometry_rect_peg_12_length_mm,spec_geometry_rect_peg_12_length_milimeter,NominalThreshold,length_mm,50,https://github.com/kastle-lab/Autonomous-Robotic-Orchestration-Modular-Ontology/lod/ontology#milimeter
threshold_measure_geometry_rect_peg_16_width_mm,spec_geometry_rect_peg_16_width_milimeter,NominalThreshold,width_mm,16,https://github.com/kastle-lab/Autonomous-Robotic-Orchestration-Modular-Ontology/lod/ontology#milimeter
threshold_measure_geometry_rect_peg_16_height_mm,spec_geometry_rect_peg_16_height_milimeter,NominalThreshold,height_mm,10,https://github.com/kastle-lab/Autonomous-Robotic-Orchestration-Modular-Ontology/lod/ontology#milimeter
threshold_measure_geometry_rect_peg_16_length_mm,spec_geometry_rect_peg_16_length_milimeter,NominalThreshold,length_mm,50,https://github.com/kastle-lab/Autonomous-Robotic-Orchestration-Modular-Ontology/lod/ontology#milimeter
threshold_measure_geometry_bolt_m4_bolt_length_mm,spec_geometry_bolt_m4_length_milimeter,NominalThreshold,bolt_length_mm,16,https://github.com/kastle-lab/Autonomous-Robotic-Orchestration-Modular-Ontology/lod/ontology#milimeter
threshold_measure_geometry_bolt_m8_bolt_length_mm,spec_geometry_bolt_m8_length_milimeter,NominalThreshold,bolt_length_mm,18,https://github.com/kastle-lab/Autonomous-Robotic-Orchestration-Modular-Ontology/lod/ontology#milimeter
threshold_measure_geometry_bolt_m12_bolt_length_mm,spec_geometry_bolt_m12_length_milimeter,NominalThreshold,bolt_length_mm,20,https://github.com/kastle-lab/Autonomous-Robotic-Orchestration-Modular-Ontology/lod/ontology#milimeter
threshold_measure_geometry_bolt_m16_bolt_length_mm,spec_geometry_bolt_m16_length_milimeter,NominalThreshold,bolt_length_mm,25,https://github.com/kastle-lab/Autonomous-Robotic-Orchestration-Modular-Ontology/lod/ontology#milimeter
threshold_measure_geometry_bolt_m3_16_bolt_length_mm,spec_geometry_bolt_m3_16_length_milimeter,NominalThreshold,bolt_length_mm,16,https://github.com/kastle-lab/Autonomous-Robotic-Orchestration-Modular-Ontology/lod/ontology#milimeter
threshold_measure_geometry_bolt_m3_35_bolt_length_mm,spec_geometry_bolt_m3_35_length_milimeter,NominalThreshold,bolt_length_mm,35,https://github.com/kastle-lab/Autonomous-Robotic-Orchestration-Modular-Ontology/lod/ontology#milimeter
threshold_measure_geometry_bolt_m6_25_bolt_length_mm,spec_geometry_bolt_m6_25_length_milimeter,NominalThreshold,bolt_length_mm,25,https://github.com/kastle-lab/Autonomous-Robotic-Orchestration-Modular-Ontology/lod/ontology#milimeter
threshold_measure_hardware_573834234ADSF_repeated_positioning_accuracy_mm,spec_hardware_573834234ADSF_repeatedPositioningAccuracy_milimeter,UpperThreshold,Repeated Positioning Accuracy (±mm),0.05,https://github.com/kastle-lab/Autonomous-Robotic-Orchestration-Modular-Ontology/lod/ontology#milimeter
threshold_measure_hardware_573834234ADSF_operating_range_mm,spec_hardware_573834234ADSF_rangeOfMotion_milimeter,NominalThreshold,Operating Range (mm),900.00,https://github.com/kastle-lab/Autonomous-Robotic-Orchestration-Modular-Ontology/lod/ontology#milimeter
threshold_measure_hardware_573834234ADSF_dof_degree_of_freedom,spec_hardware_573834234ADSF_degreesOfFreedom_count,NominalThreshold,DoF (Degree of Freedom),6,https://github.com/kastle-lab/Autonomous-Robotic-Orchestration-Modular-Ontology/lod/resource#unit_count
threshold_measure_hardware_573834234ADSF_max_payload_grams,spec_hardware_573834234ADSF_payload_gram,UpperThreshold,Max Payload (Grams),16000,https://github.com/kastle-lab/Autonomous-Robotic-Orchestration-Modular-Ontology/lod/ontology#gram
threshold_measure_hardware_573834234ADSF_weight_grams,spec_hardware_573834234ADSF_weight_gram,NominalThreshold,Weight (Grams),33100,https://github.com/kastle-lab/Autonomous-Robotic-Orchestration-Modular-Ontology/lod/ontology#gram
threshold_measure_hardware_573834234ADSF_min_operating_temperature_celsius,spec_hardware_573834234ADSF_temperature_celsius,LowerThreshold,Min Operating Temperature (Celsius),0,https://github.com/kastle-lab/Autonomous-Robotic-Orchestration-Modular-Ontology/lod/ontology#celsius
threshold_measure_hardware_573834234ADSF_max_operating_temperature_celsius,spec_hardware_573834234ADSF_temperature_celsius,UpperThreshold,Max Operating Temperature (Celsius),50,https://github.com/kastle-lab/Autonomous-Robotic-Orchestration-Modular-Ontology/lod/ontology#celsius
threshold_measure_hardware_89897624JKJL_repeated_positioning_accuracy_mm,spec_hardware_89897624JKJL_repeatedPositioningAccuracy_milimeter,UpperThreshold,Repeated Positioning Accuracy (±mm),0.05,https://github.com/kastle-lab/Autonomous-Robotic-Orchestration-Modular-Ontology/lod/ontology#milimeter
threshold_measure_hardware_89897624JKJL_operating_range_mm,spec_hardware_89897624JKJL_rangeOfMotion_milimeter,NominalThreshold,Operating Range (mm),1900.00,https://github.com/kastle-lab/Autonomous-Robotic-Orchestration-Modular-Ontology/lod/ontology#milimeter
threshold_measure_hardware_89897624JKJL_dof_degree_of_freedom,spec_hardware_89897624JKJL_degreesOfFreedom_count,NominalThreshold,DoF (Degree of Freedom),6,https://github.com/kastle-lab/Autonomous-Robotic-Orchestration-Modular-Ontology/lod/resource#unit_count
threshold_measure_hardware_89897624JKJL_max_payload_grams,spec_hardware_89897624JKJL_payload_gram,UpperThreshold,Max Payload (Grams),20000,https://github.com/kastle-lab/Autonomous-Robotic-Orchestration-Modular-Ontology/lod/ontology#gram
threshold_measure_hardware_89897624JKJL_weight_grams,spec_hardware_89897624JKJL_weight_gram,NominalThreshold,Weight (Grams),140000,https://github.com/kastle-lab/Autonomous-Robotic-Orchestration-Modular-Ontology/lod/ontology#gram
threshold_measure_hardware_89897624JKJL_min_operating_temperature_celsius,spec_hardware_89897624JKJL_temperature_celsius,LowerThreshold,Min Operating Temperature (Celsius),0,https://github.com/kastle-lab/Autonomous-Robotic-Orchestration-Modular-Ontology/lod/ontology#celsius
threshold_measure_hardware_89897624JKJL_max_operating_temperature_celsius,spec_hardware_89897624JKJL_temperature_celsius,UpperThreshold,Max Operating Temperature (Celsius),40,https://github.com/kastle-lab/Autonomous-Robotic-Orchestration-Modular-Ontology/lod/ontology#celsius
threshold_measure_hardware_NVB6873432_repeated_positioning_accuracy_mm,spec_hardware_NVB6873432_repeatedPositioningAccuracy_milimeter,UpperThreshold,Repeated Positioning Accuracy (±mm),0.05,https://github.com/kastle-lab/Autonomous-Robotic-Orchestration-Modular-Ontology/lod/ontology#milimeter
threshold_measure_hardware_NVB6873432_operating_range_mm,spec_hardware_NVB6873432_rangeOfMotion_milimeter,NominalThreshold,Operating Range (mm),280.00,https://github.com/kastle-lab/Autonomous-Robotic-Orchestration-Modular-Ontology/lod/ontology#milimeter
threshold_measure_hardware_NVB6873432_dof_degree_of_freedom,spec_hardware_NVB6873432_degreesOfFreedom_count,NominalThreshold,DoF (Degree of Freedom),6,https://github.com/kastle-lab/Autonomous-Robotic-Orchestration-Modular-Ontology/lod/resource#unit_count
threshold_measure_hardware_NVB6873432_max_payload_grams,spec_hardware_NVB6873432_payload_gram,UpperThreshold,Max Payload (Grams),250,https://github.com/kastle-lab/Autonomous-Robotic-Orchestration-Modular-Ontology/lod/ontology#gram
threshold_measure_hardware_NVB6873432_weight_grams,spec_hardware_NVB6873432_weight_gram,NominalThreshold,Weight (Grams),860,https://github.com/kastle-lab/Autonomous-Robotic-Orchestration-Modular-Ontology/lod/ontology#gram
threshold_measure_hardware_NVB68712F3_repeated_positioning_accuracy_mm,spec_hardware_NVB68712F3_repeatedPositioningAccuracy_milimeter,UpperThreshold,Repeated Positioning Accuracy (±mm),0.05,https://github.com/kastle-lab/Autonomous-Robotic-Orchestration-Modular-Ontology/lod/ontology#milimeter
threshold_measure_hardware_NVB68712F3_operating_range_mm,spec_hardware_NVB68712F3_rangeOfMotion_milimeter,NominalThreshold,Operating Range (mm),280.00,https://github.com/kastle-lab/Autonomous-Robotic-Orchestration-Modular-Ontology/lod/ontology#milimeter
threshold_measure_hardware_NVB68712F3_dof_degree_of_freedom,spec_hardware_NVB68712F3_degreesOfFreedom_count,NominalThreshold,DoF (Degree of Freedom),6,https://github.com/kastle-lab/Autonomous-Robotic-Orchestration-Modular-Ontology/lod/resource#unit_count
threshold_measure_hardware_NVB68712F3_max_payload_grams,spec_hardware_NVB68712F3_payload_gram,UpperThreshold,Max Payload (Grams),250,https://github.com/kastle-lab/Autonomous-Robotic-Orchestration-Modular-Ontology/lod/ontology#gram
threshold_measure_hardware_NVB68712F3_weight_grams,spec_hardware_NVB68712F3_weight_gram,NominalThreshold,Weight (Grams),860,https://github.com/kastle-lab/Autonomous-Robotic-Orchestration-Modular-Ontology/lod/ontology#gram
threshold_measure_hardware_JHF-3434-FDAF_speed_km_h,spec_hardware_JHF-3434-FDAF_velocity_kilometre_per_hour,NominalThreshold,Speed (km/h),7,https://github.com/kastle-lab/Autonomous-Robotic-Orchestration-Modular-Ontology/lod/resource#unit_kilometre_per_hour
threshold_measure_hardware_JHF-3434-FDAF_operating_range_km,spec_hardware_JHF-3434-FDAF_rangeOfMotion_kilometre,NominalThreshold,Operating Range (km),10.5,https://github.com/kastle-lab/Autonomous-Robotic-Orchestration-Modular-Ontology/lod/resource#unit_kilometre
threshold_measure_hardware_JHF-3434-FDAF_max_payload_grams,spec_hardware_JHF-3434-FDAF_payload_gram,UpperThreshold,Max Payload (Grams),5000,https://github.com/kastle-lab/Autonomous-Robotic-Orchestration-Modular-Ontology/lod/ontology#gram
threshold_measure_hardware_JHF-3434-FDAF_weight_grams,spec_hardware_JHF-3434-FDAF_weight_gram,NominalThreshold,Weight (Grams),4160,https://github.com/kastle-lab/Autonomous-Robotic-Orchestration-Modular-Ontology/lod/ontology#gram
threshold_measure_hardware_777777-FDF_max_payload_grams,spec_hardware_777777-FDF_payload_gram,UpperThreshold,Max Payload (Grams),5000,https://github.com/kastle-lab/Autonomous-Robotic-Orchestration-Modular-Ontology/lod/ontology#gram
threshold_measure_hardware_777777-FDF_weight_grams,spec_hardware_777777-FDF_weight_gram,NominalThreshold,Weight (Grams),900,https://github.com/kastle-lab/Autonomous-Robotic-Orchestration-Modular-Ontology/lod/ontology#gram
threshold_measure_hardware_777777-FDF_max_stroke_mm,spec_hardware_777777-FDF_stroke_milimeter,UpperThreshold,Max Stroke (mm),85,https://github.com/kastle-lab/Autonomous-Robotic-Orchestration-Modular-Ontology/lod/ontology#milimeter
threshold_measure_hardware_777777-FDF_min_grip_force_n,spec_hardware_777777-FDF_gripForce_newton,LowerThreshold,Min Grip Force (N),20,https://github.com/kastle-lab/Autonomous-Robotic-Orchestration-Modular-Ontology/lod/ontology#newton
threshold_measure_hardware_777777-FDF_max_grip_force_n,spec_hardware_777777-FDF_gripForce_newton,UpperThreshold,Max Grip Force (N),235,https://github.com/kastle-lab/Autonomous-Robotic-Orchestration-Modular-Ontology/lod/ontology#newton
threshold_measure_hardware_777777-FDF_form_fit_grip_payload_grams,spec_hardware_777777-FDF_formFitGrip_gram,UpperThreshold,Form-fit grip payload (Grams),5000,https://github.com/kastle-lab/Autonomous-Robotic-Orchestration-Modular-Ontology/lod/ontology#gram
threshold_measure_hardware_777777-FDF_friction_grip_payload_grams,spec_hardware_777777-FDF_frictionGrip_gram,UpperThreshold,Friction-grip-payload (Grams),5000,https://github.com/kastle-lab/Autonomous-Robotic-Orchestration-Modular-Ontology/lod/ontology#gram
threshold_measure_hardware_2343YKENFDA_max_payload_grams,spec_hardware_2343YKENFDA_payload_gram,UpperThreshold,Max Payload (Grams),2500,https://github.com/kastle-lab/Autonomous-Robotic-Orchestration-Modular-Ontology/lod/ontology#gram
threshold_measure_hardware_2343YKENFDA_weight_grams,spec_hardware_2343YKENFDA_weight_gram,NominalThreshold,Weight (Grams),1000,https://github.com/kastle-lab/Autonomous-Robotic-Orchestration-Modular-Ontology/lod/ontology#gram
threshold_measure_hardware_2343YKENFDA_max_stroke_mm,spec_hardware_2343YKENFDA_stroke_milimeter,UpperThreshold,Max Stroke (mm),140,https://github.com/kastle-lab/Autonomous-Robotic-Orchestration-Modular-Ontology/lod/ontology#milimeter
threshold_measure_hardware_2343YKENFDA_min_grip_force_n,spec_hardware_2343YKENFDA_gripForce_newton,LowerThreshold,Min Grip Force (N),10,https://github.com/kastle-lab/Autonomous-Robotic-Orchestration-Modular-Ontology/lod/ontology#newton
threshold_measure_hardware_2343YKENFDA_max_grip_force_n,spec_hardware_2343YKENFDA_gripForce_newton,UpperThreshold,Max Grip Force (N),125,https://github.com/kastle-lab/Autonomous-Robotic-Orchestration-Modular-Ontology/lod/ontology#newton
threshold_measure_hardware_2343YKENFDA_form_fit_grip_payload_grams,spec_hardware_2343YKENFDA_formFitGrip_gram,UpperThreshold,Form-fit grip payload (Grams),2500,https://github.com/kastle-lab/Autonomous-Robotic-Orchestration-Modular-Ontology/lod/ontology#gram
threshold_measure_hardware_2343YKENFDA_friction_grip_payload_grams,spec_hardware_2343YKENFDA_frictionGrip_gram,UpperThreshold,Friction-grip-payload (Grams),2500,https://github.com/kastle-lab/Autonomous-Robotic-Orchestration-Modular-Ontology/lod/ontology#gram
threshold_measure_hardware_4901700342_repeated_positioning_accuracy_mm,spec_hardware_4901700342_repeatedPositioningAccuracy_milimeter,UpperThreshold,Repeated Positioning Accuracy (±mm),1,https://github.com/kastle-lab/Autonomous-Robotic-Orchestration-Modular-Ontology/lod/ontology#milimeter
threshold_measure_hardware_4901700342_max_payload_grams,spec_hardware_4901700342_payload_gram,UpperThreshold,Max Payload (Grams),100,https://github.com/kastle-lab/Autonomous-Robotic-Orchestration-Modular-Ontology/lod/ontology#gram
threshold_measure_hardware_4901700342_weight_grams,spec_hardware_4901700342_weight_gram,NominalThreshold,Weight (Grams),105,https://github.com/kastle-lab/Autonomous-Robotic-Orchestration-Modular-Ontology/lod/ontology#gram
threshold_measure_hardware_4901700342_min_stroke_mm,spec_hardware_4901700342_stroke_milimeter,LowerThreshold,Min Stroke (mm),0,https://github.com/kastle-lab/Autonomous-Robotic-Orchestration-Modular-Ontology/lod/ontology#milimeter
threshold_measure_hardware_4901700342_max_stroke_mm,spec_hardware_4901700342_stroke_milimeter,UpperThreshold,Max Stroke (mm),150,https://github.com/kastle-lab/Autonomous-Robotic-Orchestration-Modular-Ontology/lod/ontology#milimeter
threshold_measure_hardware_4789134Q-14_max_payload_grams,spec_hardware_4789134Q-14_payload_gram,UpperThreshold,Max Payload (Grams),150,https://github.com/kastle-lab/Autonomous-Robotic-Orchestration-Modular-Ontology/lod/ontology#gram
threshold_measure_hardware_4789134Q-14_weight_grams,spec_hardware_4789134Q-14_weight_gram,NominalThreshold,Weight (Grams),110,https://github.com/kastle-lab/Autonomous-Robotic-Orchestration-Modular-Ontology/lod/ontology#gram
threshold_measure_hardware_4789134Q-14_min_stroke_mm,spec_hardware_4789134Q-14_stroke_milimeter,LowerThreshold,Min Stroke (mm),20,https://github.com/kastle-lab/Autonomous-Robotic-Orchestration-Modular-Ontology/lod/ontology#milimeter
threshold_measure_hardware_4789134Q-14_max_stroke_mm,spec_hardware_4789134Q-14_stroke_milimeter,UpperThreshold,Max Stroke (mm),45,https://github.com/kastle-lab/Autonomous-Robotic-Orchestration-Modular-Ontology/lod/ontology#milimeter
threshold_measure_hardware_SYN-D405-001_ideal_depth_min_cm,spec_hardware_SYN-D405-001_idealDepthRange_centimeter,LowerThreshold,Ideal Depth Min (cm),7,https://github.com/kastle-lab/Autonomous-Robotic-Orchestration-Modular-Ontology/lod/ontology#centimeter
threshold_measure_hardware_SYN-D405-001_ideal_depth_max_cm,spec_hardware_SYN-D405-001_idealDepthRange_centimeter,UpperThreshold,Ideal Depth Max (cm),50,https://github.com/kastle-lab/Autonomous-Robotic-Orchestration-Modular-Ontology/lod/ontology#centimeter
threshold_measure_hardware_SYN-D405-001_depth_fov_h_deg,spec_hardware_SYN-D405-001_depthFovHorizontal_degreeAngle,NominalThreshold,Depth FOV H (deg),87,https://github.com/kastle-lab/Autonomous-Robotic-Orchestration-Modular-Ontology/lod/ontology#degreeAngle
threshold_measure_hardware_SYN-D405-001_depth_fov_v_deg,spec_hardware_SYN-D405-001_depthFovVertical_degreeAngle,NominalThreshold,Depth FOV V (deg),58,https://github.com/kastle-lab/Autonomous-Robotic-Orchestration-Modular-Ontology/lod/ontology#degreeAngle
threshold_measure_hardware_SYN-D405-001_depth_max_frame_rate_fps,spec_hardware_SYN-D405-001_depthFrameRate_frame_per_second,UpperThreshold,Depth Max Frame Rate (fps),90,https://github.com/kastle-lab/Autonomous-Robotic-Orchestration-Modular-Ontology/lod/resource#unit_frame_per_second
threshold_measure_hardware_SYN-D405-001_rgb_fov_h_deg,spec_hardware_SYN-D405-001_rgbFovHorizontal_degreeAngle,NominalThreshold,RGB FOV H (deg),87,https://github.com/kastle-lab/Autonomous-Robotic-Orchestration-Modular-Ontology/lod/ontology#degreeAngle
threshold_measure_hardware_SYN-D405-001_rgb_fov_v_deg,spec_hardware_SYN-D405-001_rgbFovVertical_degreeAngle,NominalThreshold,RGB FOV V (deg),58,https://github.com/kastle-lab/Autonomous-Robotic-Orchestration-Modular-Ontology/lod/ontology#degreeAngle
threshold_measure_hardware_SYN-D405-001_weight_g,spec_hardware_SYN-D405-001_weight_gram,NominalThreshold,Weight (g),60,https://github.com/kastle-lab/Autonomous-Robotic-Orchestration-Modular-Ontology/lod/ontology#gram
threshold_measure_hardware_SYN-D405-001_length_mm,spec_hardware_SYN-D405-001_length_milimeter,NominalThreshold,length (mm),42,https://github.com/kastle-lab/Autonomous-Robotic-Orchestration-Modular-Ontology/lod/ontology#milimeter
threshold_measure_hardware_SYN-D405-001_depth_mm,spec_hardware_SYN-D405-001_depth_milimeter,NominalThreshold,depth (mm),42,https://github.com/kastle-lab/Autonomous-Robotic-Orchestration-Modular-Ontology/lod/ontology#milimeter
threshold_measure_hardware_SYN-D405-001_height_mm,spec_hardware_SYN-D405-001_height_milimeter,NominalThreshold,height (mm),23,https://github.com/kastle-lab/Autonomous-Robotic-Orchestration-Modular-Ontology/lod/ontology#milimeter
threshold_measure_hardware_SYN-OAKDW-001_ideal_depth_min_cm,spec_hardware_SYN-OAKDW-001_idealDepthRange_centimeter,LowerThreshold,Ideal Depth Min (cm),70,https://github.com/kastle-lab/Autonomous-Robotic-Orchestration-Modular-Ontology/lod/ontology#centimeter
threshold_measure_hardware_SYN-OAKDW-001_ideal_depth_max_cm,spec_hardware_SYN-OAKDW-001_idealDepthRange_centimeter,UpperThreshold,Ideal Depth Max (cm),1200,https://github.com/kastle-lab/Autonomous-Robotic-Orchestration-Modular-Ontology/lod/ontology#centimeter
threshold_measure_hardware_SYN-OAKDW-001_depth_fov_h_deg,spec_hardware_SYN-OAKDW-001_depthFovHorizontal_degreeAngle,NominalThreshold,Depth FOV H (deg),127,https://github.com/kastle-lab/Autonomous-Robotic-Orchestration-Modular-Ontology/lod/ontology#degreeAngle
threshold_measure_hardware_SYN-OAKDW-001_depth_fov_v_deg,spec_hardware_SYN-OAKDW-001_depthFovVertical_degreeAngle,NominalThreshold,Depth FOV V (deg),79.5,https://github.com/kastle-lab/Autonomous-Robotic-Orchestration-Modular-Ontology/lod/ontology#degreeAngle
threshold_measure_hardware_SYN-OAKDW-001_depth_fov_d_deg,spec_hardware_SYN-OAKDW-001_depthFovDiagonal_degreeAngle,NominalThreshold,Depth FOV D (deg),150,https://github.com/kastle-lab/Autonomous-Robotic-Orchestration-Modular-Ontology/lod/ontology#degreeAngle
threshold_measure_hardware_SYN-OAKDW-001_rgb_fov_h_deg,spec_hardware_SYN-OAKDW-001_rgbFovHorizontal_degreeAngle,NominalThreshold,RGB FOV H (deg),95,https://github.com/kastle-lab/Autonomous-Robotic-Orchestration-Modular-Ontology/lod/ontology#degreeAngle
threshold_measure_hardware_SYN-OAKDW-001_rgb_fov_v_deg,spec_hardware_SYN-OAKDW-001_rgbFovVertical_degreeAngle,NominalThreshold,RGB FOV V (deg),72,https://github.com/kastle-lab/Autonomous-Robotic-Orchestration-Modular-Ontology/lod/ontology#degreeAngle
threshold_measure_hardware_SYN-OAKDW-001_rgb_fov_d_deg,spec_hardware_SYN-OAKDW-001_rgbFovDiagonal_degreeAngle,NominalThreshold,RGB FOV D (deg),120,https://github.com/kastle-lab/Autonomous-Robotic-Orchestration-Modular-Ontology/lod/ontology#degreeAngle
